"SAMPLE_ID";"TMB_NONSYNONYMOUS";"OS_MONTHS";"SURV_STATUS";"OR5AP2";"OR11H4";"ACSM4";"C4orf35";"PRSS37";"PRDM14";"SPDYE4";"CIB4";"MAP4K2;MEN1";"C12orf48";"C11orf65.1";"GATA4";"BBS5";"SCN4B";"TMEM22";"PDE6B";"ZFP2";"APC";"MTOR";"OR11H4_missense_variant";"HIF1A_missense_variant";"PTEN_splice_donor_variant";"TP53_inframe_deletion";"TP53_stop_gained";"EI24_missense_variant";"PRKACB_5_prime_UTR_variant";"MUC6_missense_variant";"OR5AL1_downstream_gene_variant";"STK39_synonymous_variant";"F10_synonymous_variant";"BID_3_prime_UTR_variant";"CNOT4_missense_variant"
"TCGA-2Y-A9GS-01";2,166666667;23,80247888;1;0;0;0;0;0,9857;0;0;0;0,931061621003207;0,0371333374314784;0,0474071947289482;0,38482647740746;0,0266806600045059;0,266343044267036;0,143437850432076;0,39498909189438;0,241533502288327;0,0425048092822875;0,0883265282006392;0;0;0;0;0;0;0;0;0;0;0;0;0
"TCGA-2Y-A9GT-01";2,766666667;53,39119571;1;0;0;0;0;0;0;0;0;0,930840393081899;0,0296030071106895;0,0333279517700849;0,434684969790862;0,038765513460423;0,276449717465683;0,36380265446079;0,144673764574165;0,284503998909547;0,0291285308164785;0,425062439389392;0;0;0;0;0;0;0;0;0;0;0;0;0
"TCGA-2Y-A9GU-01";4,666666667;63,74724661;0;0;0;0;0;0;0;0;0;0,84028496009034;0,0297350035593348;0,0315448928171706;0,671026836728839;0,0243337114665639;0,835060384813615;0,422878547127067;0,0843754657332993;0,0775785820952241;0,0613060979272497;0,0687526982879568;0;0;0;0;0;0;0;0;0;0;0;0;0
"TCGA-2Y-A9GV-01";2,066666667;83,24292337;1;0;0;0;0;0;0;0;0;0,862677623387688;0,0331617378823366;0,0532221827445669;0,374160240065856;0,0281546248300362;0,495087365205373;0,13483397318816;0,246539185907353;0,107529895887909;0,06404867624298;0,0656648057433196;0;0;0;0;0;0;0;0;0;0;0;0;0
"TCGA-2Y-A9GW-01";2,333333333;41,78584344;1;0;0;0;0;0;0;0;0;0,910865209038431;0,0255833076811539;0,0488303399426829;0,512548693417879;0,0242795883207193;0,404058145411861;0,348048755900155;0,3217008171754;0,372471732798087;0,0697914448206881;0,130905660025443;0;0;0;0;0;0;0;0;0;0;0;0;0
"TCGA-2Y-A9GX-01";1,833333333;80,28405168;0;0;0;0;0;0;0;0;0;0,905493211425672;0,0340940887677345;0,0393621533197423;0,474961861569334;0,0300712302541114;0,429536144263307;0,127817448909272;0,130646658636181;0,20868717258848;0,0468111722052514;0,140922441087522;0;0;0;0;0;0;0;0;0;0;0;0;0
"TCGA-2Y-A9GY-01";2,233333333;24,88739849;1;0;0;0;0;0;0;0;0;0,796517798182914;0,0247040830732752;0,0401873028331152;0,463230838591613;0,0740204466802026;0,262943709368351;0,132258472829459;0,0316180094587855;0,108206889521132;0,0452520553419881;0,0529306479009893;0;0;0;0;0;0;0;0;0;0;0;0;0
"TCGA-2Y-A9GZ-01";2,8;27,87914653;1;0;0;0;0;0;0;0;0;0,788926108656562;0,037911619945958;0,0463536011298594;0,180924295314669;0,0264587454807508;0,07343849632295;0,0988530715015464;0,0666116940553526;0,433614067309619;0,0267265884344285;0,0434947847132047;0;0;0;0;0;0;1;0;0;0;0;0;0
"TCGA-2Y-A9H0-01";2,4;120,8205938;0;0;0;0;0;0;0;0;0;0,709986858515936;0,0307173447250707;0,0318468143309785;0,295250927659347;0,025474615797196;0,510243920890637;0,397250179471905;0,0464392152352763;0,0680692761204603;0,0537343179586754;0,142450876928388;0;0;0;0;0;0;0;0;0;0;0;0;0
"TCGA-2Y-A9H1-01";4,033333333;40,40503666;1;0;0;0;0;0;0;0;0;0,870147573085276;0,0336996130014651;0,0468335404843717;0,482119791085536;0,0283392207198941;0,460523750138439;0,590841662983947;0,409830054819306;0,110878191104338;0,0467608887931687;0,111776713664631;0;0;0;0;0;0;0;0;0;0;0;0;0
"TCGA-2Y-A9H2-01";1,766666667;56,90896538;0;0;0;0;0;0;0;0;0;0,912249074670948;0,0327986322981657;0,0512902981135564;0,7101218602708;0,0265866696068076;0,272350055891681;0,124979435412511;0,0515625556096159;0,106067243257132;0,0486560018790625;0,224333964354143;0;0;0;0;0;0;0;0;0;0;0;0;0
"TCGA-2Y-A9H3-01";5,7;49,84054969;0;0;0;0;0;0;0;0;0;0,844010630236221;0,0387700009455071;0,0359927628918833;0,703522747170903;0,0219837340846236;0,596493652033754;0,25386144738195;0,0590996681326677;0,486075555622487;0,0640453659414333;0,104323787566436;0;0;0;0;0;0;0;0;0;0;0;0;0
"TCGA-2Y-A9H4-01";2,166666667;47,73646316;0;0;0;0;0;0;0;0;0;0,898989727669167;0,0266290875751021;0,0368689822830812;0,314919304476686;0,0288517859459939;0,453385541797133;0,104395805240244;0,128931528645528;0,0808287306133329;0,0685501570063918;0,314839171851856;0;0;0;0;0;0;0;0;0;0;0;0;0
"TCGA-2Y-A9H5-01";2,433333333;18,24637538;1;0;0;0;0;0;0;0;0;0,878195907596439;0,0326981707795005;0,0477090871303953;0,698840607328361;0,0227093285958274;0,685242833705541;0,482220910567563;0,135687411282328;0,0626392856393874;0,0563177551939904;0,109400896681963;0;0;0;0;0;0;0;0;0;0;0;0;0
"TCGA-2Y-A9H6-01";1,766666667;11,73685768;0;0;0;0;0;0,7383;0;0;0;0,893000923248166;0,0302151419912105;0,0395772161358125;0,69670511656944;0,0292741384462762;0,654417895516798;0,592882999185067;0,0685025260960434;0,444321460899502;0,0301137649957518;0,16923987618981;0;0;0;0;0;0;0;0;0;0;0;0;0
"TCGA-2Y-A9H7-01";2,566666667;38,39957918;0;0;0;0;0;0;0;0;0;0,892226796773644;0,0393317167708171;0,0406505548089677;0,717588055473541;0,043873133645666;0,797210565077998;0,444282906765521;0,413985819381785;0,0707628281856131;0,040840929019221;0,10272384545977;0;0;0;0;0;0;0;0;0;0;0;0;0
"TCGA-2Y-A9H8-01";2,2;20,81073084;1;0;0;0;0;0;0,6719;0,6719;0;0,909214143754342;0,0350456436434912;0,0609998160926158;0,667528790451003;0,214033815557535;0,743908851430069;0,438960378856652;0,0406281251683843;0,0672406188781503;0,023451600836819;0,143026019853971;0;0;0;0;0;0;0;0;0;0;0;0;0
"TCGA-2Y-A9H9-01";4,066666667;22,91481737;0;0;0;0;0;0,5696;0;0;0;0,911395397001785;0,0287441486231925;0,0483805668360838;0,189475877452254;0,028520971902048;0,163029956409426;0,365884833330562;0,665044329555705;0,0662772929064823;0,0256964105756209;0,05301766577284;0;0;0;0;0;0;0;0;0;0;0;0;0
"TCGA-2Y-A9HA-01";4,666666667;1,183548673;1;0;0;0;0;0;0;0;0;0,753971111898459;0,0541653636060478;0,0444398824002629;0,381562392878725;0,0263363781382681;0,174075013375883;0,123716616235303;0,498316437327507;0,0731214901533626;0,0261172462264803;0,0541395348659881;0;0;0;0;0;0;0;0;0;0;0;0;0
"TCGA-2Y-A9HB-01";2,266666667;8,54785153;0;0;0;0;0;0,5971;0;0;0;0,906816864240008;0,0323762261880902;0,0457733875748421;0,556566784778539;0,0320621058125642;0,422557585695526;0,568267476756189;0,282854602955788;0,610281190699026;0,0377005119854222;0,100099354462636;0;0;0;0;0;0;0;0;0;0;0;0;0
"TCGA-3K-AAZ8-01";4,266666667;13,01903541;0;0;0;0;0;0;0;0;0;0,940390483838088;0,0355227915447836;0,0391345238757116;0,772409795558139;0,0351575030612458;0,566936237687756;0,6831031769473;0,320522789962083;0,415239081816584;0,0352715726081268;0,0740219742546434;0;0;0;0;0;0;0;0;0;0;0;0;0
"TCGA-4R-AA8I-01";35,66666667;8,613604235;1;0;0,6868;0;0;0;2,7473;0;0;0,861746788075734;0,0373973208760215;0,0326099433523932;0,449777982798106;0,0240813361194341;0,318504109121451;0,48640993820996;0,450681364570525;0,0553257599990218;0,0359512002068049;0,0495122339904204;0;0;0;1;0;0;0;1;0;0;0;0;0
"TCGA-5C-A9VG-01";4,266666667;10,78344347;0;0;0;0;0;0;0;0;0;0,806055998140792;0,0274931778603303;0,0537690566871286;0,655126268254982;0,031137575223503;0,52814981127111;0,530712465599164;0,0764227626323043;0,331459778127399;0,037522722321399;0,215285345826091;0;0;0;0;0;0;0;1;0;0;0;0;0
"TCGA-5C-A9VH-01";3,166666667;10,58618536;0;0;0;0;0;0;0;0;0;0,933431336598176;0,0399973455814345;0,0418728499815533;0,695427229408366;0,0355366847342084;0,472052771896958;0,397674693785957;0,198935944964062;0,045128545312981;0,023474947142381;0,0855359461998609;0;0;0;0;0;0;0;0;0;0;0;0;0
"TCGA-5R-AA1C-01";2,833333333;17,09570306;0;0;0;0;0;0;0;0;0;0,926052941751546;0,0467038001371176;0,0600146822508811;0,332118719248964;0,0541485221581721;0,187369849641055;0,684606819069587;0,162701891856945;0,11708518371974;0,0240712680970264;0,30346141250534;0;0;0;0;0;0;0;0;0;0;0;0;0
"TCGA-5R-AA1D-01";0,5;14,76148207;0;0;0;0;0;0;0;0;0;0,875800552674144;0,0330787261206299;0,0479426803911929;0,680845419302512;0,024775239336283;0,33588745667296;0,0649173561006837;0,0434261761955328;0,0780647620518471;0,0468801689704398;0,0550374660342941;0;0;0;0;0;0;0;0;0;0;0;0;0
"TCGA-5R-AAAM-01";2,666666667;1,512312194;1;0;0;0;0;0;0;0;0;0,948645897828944;0,0497820184366739;0,0634143520150019;0,572233969565996;0,0534205272839528;0,43266395979842;0,332548220911035;0,464473041836886;0,390146766390719;0,0238515640456247;0,227204804350188;0;0;0;0;0;0;0;0;0;0;0;0;0
"TCGA-BC-4073-01";4,166666667;27,91202288;0;0;0;0;0,4575;0;0,4575;0;0;0,793056341129272;0,0250014600116985;0,0372086038000167;0,450543661866324;0,0253581660666097;0,261373843778305;0,246907488557102;0,0927274966716505;0,153857231989131;0,0258147007568936;0,0897249346127085;0;0;0;0;0;0;0;0;0;0;0;0;0
"TCGA-BC-A10Q-01";1,133333333;37,31465957;1;0;0;0;0;0;0,4608;0;0;0,939604804699797;0,0312884620032266;0,0583931211385027;0,859795755821701;0,043243100622544;0,546790977108038;0,329920742332209;0,0983353652087636;0,390840431052587;0,0286571115119035;0,0980824203356518;0;0;0;0;0;0;0;0;0;0;0;0;0
"TCGA-BC-A10R-01";3,6;10,12591643;1;0;0;0;0;0;1,0927;0;0;0,864352764197658;0,0233148644125683;0,0448827290345354;0,750617358855172;0,167937504006581;0,616114788406243;0,540217248373215;0,0846735016269903;0,0641898009188989;0,0239888552229505;0,0915906016189587;0;0;0;0;0;0;0;0;0;0;0;0;1
"TCGA-BC-A10T-01";2,166666667;27,51750666;1;0;0;0;0;0;0;0;0;0,87606759220135;0,0466835680807018;0,0251070098861318;0,479521432255094;0,0313669880901105;0,223526976212145;0,646596454473863;0,53074226310075;0,105483870547501;0,0317656373722795;0,0957770190480771;0;0;0;0;0;0;0;0;0;0;0;0;0
"TCGA-BC-A10U-01";4,266666667;27,51750666;1;0;0;0,4647;0,4647;0;0;0;0;0,937175514740135;0,0356811144108656;0,158772161605247;0,167510056945968;0,0883443180110659;0,193265485721162;0,453424372041789;0,0862814050917395;0,585255166385958;0,0182009691285276;0,0481047178514161;0;0;0;0;0;0;0;0;0;0;0;0;0
"TCGA-BC-A10W-01";3,1;2,991748036;1;0;0;0;0;0,3703;0,3703;0;0;0,868222090301047;0,0350162169971159;0,0259489269303016;0,772006952773627;0,020403685444378;0,625997198291238;0,0864090160291088;0,068026283294453;0,0786583618682982;0,0282808182452603;0,0708652831955249;0;0;0;0;0;0;0;0;0;0;0;0;0
"TCGA-BC-A10Y-01";1,766666667;23,3750863;1;0;0;0;0;0,4781;0;0;0;0,798422197907016;0,0293482129074909;0,0316762876765126;0,189541334438559;0,0294361953004055;0,0890983259923296;0,477381200981871;0,528072299042578;0,0414431964237503;0,0244821820969932;0,0432433550312692;0;0;0;0;0;0;0;0;0;0;0;0;0
"TCGA-BC-A10Z-01";5,566666667;1,117795969;1;0;0;0;0;0,4314;0;0;0;0,790280221139328;0,0322279626960341;0,0268068764504316;0,134413813535165;0,0260583477814443;0,469596095405147;0,0393231366377012;0,158797075230712;0,0265984605160568;0,0206177425606483;0,0539224234876974;0;0;0;0;0;0;0;0;0;0;0;0;0
"TCGA-BC-A216-01";2,166666667;44,41595161;0;0;0;0;0;0;0;0;0;0,85856731368339;0,0310722973778691;0,0428725028864579;0,441156459278224;0,0306657511288721;0,465245803817215;0,63162000909164;0,282052889052358;0,466482696043904;0,0215442152787397;0,261030946504175;0;0;0;0;0;0;0;0;0;0;0;0;0
"TCGA-BC-A217-01";3,133333333;45,9282638;1;0;0;0;0;0;0;0;0;0,840289288537511;0,0309895024618606;0,0375699822002081;0,238867659974327;0,0299470746955162;0,168370303231992;0,0898877708047857;0,504101458705421;0,678315946599366;0,0201514535380744;0,0654068302760033;0;0;0;0;0;0;0;0;0;0;0;0;0
"TCGA-BC-A5W4-01";2,233333333;17,98336457;1;0;0;0;0;0;0;0;0;0,900633487543767;0,0335426039817461;0,0381810579379282;0,771039414667601;0,126944167929697;0,568520589955422;0,18845715328625;0,156642977851957;0,0661333477815644;0,0231425380606897;0,166682573815965;0;0;0;0;0;0;0;0;0;0;0;0;0
"TCGA-BC-A69H-01";3,2;14,59710031;0;0;0;0;0;0;0;0;0;0,83393149499714;0,567818207777359;0,032690465110795;0,640400779884064;0,14479006142263;0,555854880130228;0,102510367893715;0,0495313137929508;0,525148019704117;0,0201432055895761;0,055801667896813;0;0;0;0;0;0;0;0;0;0;0;0;0
"TCGA-BC-A8YO-01";2,133333333;18,47650985;0;0;0;0;0;0,4473;0;0;0;0,938983135669283;0,0287523416497487;0,0389706677726532;0,37045911951271;0,0177326002293138;0,129161951068195;0,0561717048989186;0,374142153601775;0,283773926089104;0,0263305706549906;0,0507356677027466;0;0;0;0;0;0;0;0;0;0;0;0;0
"TCGA-BD-A2L6-01";2,333333333;44,81046783;0;0;0;0;0;0;0;0;0;0,93834041962167;0,0243388030540947;0,0416686669950908;0,220478669069669;0,0270843387463854;0,0848393659834808;0,400523673199815;0,0721083337561705;0,0706440379077101;0,0250249089663738;0,0804719720694471;0;0;0;0;0;0;0;0;0;0;0;0;0
"TCGA-BD-A3EP-01";3,566666667;13,44642798;0;0;0;0;0;0,7014;0;0;0;0,898026430658346;0,0412336617539481;0,0349102314905148;0,400261649622888;0,0712057673654308;0,315990545411735;0,485622846988509;0,0968527810589835;0,184960748199477;0,0269489570022108;0,132296677204465;0;0;0;0;0;0;0;0;0;0;0;0;0
"TCGA-CC-5258-01";4,233333333;4,241049413;1;0;0;0;0;0;0;0;0;0,741908687539842;0,030213831078916;0,0289250589149929;0,679595070604314;0,0245697489092911;0,588443622528474;0,173174990780211;0,0862402021258103;0,120233289693669;0,0278844922726855;0,06122318045387;0;0;0;0;0;0;0;0;0;0;0;0;0
"TCGA-CC-5259-01";4,6;8,21908801;0;0;0;0;0;0;0;0;0;0,830447777689198;0,0425942188603057;0,0396657991476689;0,558717211030022;0,134708973974649;0,217717269598793;0,392907517013701;0,0908905457271857;0,0871637038927237;0,0268399679914718;0,0397013366651589;0;0;0;0;0;0;0;0;0;0;0;0;0
"TCGA-CC-5260-01";1,733333333;2,860242628;1;0;0;0;0;1,185;0;0;13,0351;0,874332684594895;0,0489979275174111;0,0430554271501017;0,828550007256294;0,114010500101261;0,599627319472107;0,589191946484505;0,395264324897827;0,549134647947896;0,0343608488688386;0,300542178661674;0;0;0;0;0;0;0;0;0;0;0;0;0
"TCGA-CC-5262-01";4,166666667;3,38626426;1;0;0;0;0;0;0;0;0;0,84524083784569;0,0278597107884126;0,0285588339356244;0,453064683665619;0,0340118334919561;0,273922279087992;0,275092483617465;0,344074947338869;0,242096284209697;0,0314658437762802;0,116803136335128;0;0;0;0;0;1;0;0;0;0;0;1;0
"TCGA-CC-5263-01";3,633333333;4,241049413;1;0;0;0;0,3839;0;0;0,7678;0;0,921808565390948;0,0391938783856502;0,0860520887273896;0,59151244713645;0,0746494313635597;0,422422362364278;0,482922621007394;0,081504833397144;0,0541444081381767;0,0242241772000626;0,0455222884837951;0;0;0;0;1;0;0;0;0;0;0;0;0
"TCGA-CC-5264-01";2,933333333;3,353387908;1;0;0;0;0;0;0;0;3,3102;0,928509090540521;0,0273031883863097;0,0364539313161177;0,354316941181706;0,0297289990121615;0,289559374944278;0,284505680337733;0,100263578896972;0,639308723008591;0,0423953211597134;0,262223085994613;0;0;0;0;0;0;0;0;0;0;0;0;0
"TCGA-CC-A123-01";2,5;7,199921097;0;0;0;0;0;0;0;0;0;0,82533355283068;0,297201703061119;0,0234466957409455;0,499223532289508;0,0378133968971597;0,250452300940869;0,0811739003515696;0,0677390904826503;0,516664194157724;0,0209630261360078;0,0455892338526374;0;0;0;0;0;0;0;0;0;0;0;0;0
"TCGA-CC-A1HT-01";3,066666667;3,320511556;1;0;0;0;0;0,2711;0;0;0;0,880383466509737;0,0278639829129755;0,0566541371680847;0,662541914970388;0,0380736838816272;0,4490610548057;0,131954158239109;0,105092839383749;0,179344940850884;0,026740265728498;0,17946120801189;0;0;0;0;0;0;0;0;0;0;0;0;0
"TCGA-CC-A3M9-01";4,1;9,862905612;1;0;0;0;0;0;0;0;0;0,818974060282998;0,0362132658903794;0,038875357426104;0,529761813077558;0,0294868773924826;0,476682328460028;0,0890646850984722;0,0944197566208267;0,330167391733551;0,0352402049955394;0,167718798756185;0;0;0;0;0;0;0;0;0;0;0;0;0
"TCGA-CC-A3MA-01";1,4;9,961534668;1;0;0;0;0;1,2469;0,4156;0;0;0,886520441566929;0,0270526801000934;0,0377385763128974;0,784716215215012;0,262968680862662;0,509907571026107;0,374749596743248;0,629816763782557;0,0467610143964914;0,0249892065349688;0,0874521572853794;0;0;0;0;0;0;0;0;0;0;1;0;0
"TCGA-CC-A3MB-01";2,4;10,35605089;1;0;0;0;0;0;0;0,77;0;0,890611356377421;0,0210904464333184;0,611920125498719;0,442822957773021;0,0321881787279888;0,278335366216359;0,0689743907208853;0,247147385950907;0,4877256669423;0,0234196875135406;0,108574919833769;0;0;0;0;0;0;0;0;0;0;0;0;0
"TCGA-CC-A3MC-01";3,3;11,93411579;0;0;0;0;0;0;0;0;0;0,70803199050382;0,0331591922630835;0,0433934034754709;0,738044205801353;0,0359560587688215;0,715892971816179;0,140392156561857;0,0695998472083071;0,0878218045634804;0,0280373322287837;0,0838164740172534;0;0;0;0;0;0;0;0;0;0;0;0;0
"TCGA-CC-A5UC-01";1,633333333;11,40809416;1;0;0;0;0;0;0;0;0;0,839828883828601;0,105961845352619;0,0441666825353179;0,653053619792384;0,0269555493494548;0,53178643783037;0,135239667945676;0,0708379005829119;0,174373727010462;0,0248085661466263;0,105665202539524;0;0;0;0;0;0;0;0;0;0;0;0;0
"TCGA-CC-A5UD-01";6,1;9,99441102;1;0;0;0;1,54;0;0;0;0;0,858815096021367;0,0366198548794426;0,046787941111326;0,698086260203491;0,0264898698868726;0,833213199938509;0,0526637138019112;0,0552881819832383;0,0524537062097584;0,0251752012468893;0,0370060025803694;0;0;1;0;0;0;0;0;1;0;0;0;0
"TCGA-CC-A5UE-01";4,066666667;8,942367755;1;0;0;0;0;0;0;0;0;0,842620370845355;0,601037614152001;0,0331865956774104;0,404020059626248;0,0295158796787653;0,386292014532763;0,167336917120698;0,070285079277355;0,062043656183884;0,0225651000664731;0,0982846773453933;0;0;0;0;0;0;0;0;0;0;0;0;0
"TCGA-CC-A7IE-01";5,066666667;7,134168393;1;0;0;0;0;0;0;0,7974;0;0,800844418945905;0,0348275227832122;0,0758277598102685;0,656603729130285;0,0198709296089954;0,620726354106127;0,0793753419225848;0,0787388808748658;0,14563618057762;0,0472794063356232;0,113617326192528;0;0;0;0;0;0;0;0;0;0;0;0;0
"TCGA-CC-A7IF-01";3,8;21,33675247;1;0;0;0;0;0;0;0;0;0,877969774679546;0,0270792810913116;0,0360177535674892;0,776184013895027;0,0330193836532616;0,778328339934367;0,148464021718341;0,0423453199674312;0,192982007374722;0,0232791347992525;0,307244562856899;0;0;0;0;0;0;0;0;0;0;0;0;0
"TCGA-CC-A7IG-01";4,466666667;9,83002926;1;0;0,5504;0;0;0;0;0;0,5504;0,89928184251992;0,278039691320225;0,0463679234514475;0,651786066352347;0,0315954870719142;0,736061506886633;0,0793553117276035;0,401920365510234;0,0485100174655084;0,0230406976000877;0,0791745967751697;0;0;0;0;1;0;0;1;0;0;0;0;0
"TCGA-CC-A7IH-01";22,9;11,9998685;0;0;0;0;0;0;0;0;0;0,908052095328761;0,0323328527383024;0,0349691365894505;0,386446706102615;0,0244712851298105;0,0967982038558775;0,499270320020157;0,102461611914761;0,0327875923101008;0,0243270012906512;0,136600842796367;0;0;0;0;0;0;0;0;0;0;0;0;0
"TCGA-CC-A7II-01";4,866666667;13,11766446;0;0;0;0;0;0;3,7782;0;0;0,366044978414165;0,0203652052540788;0,0414384650300453;0,33890563859717;0,0376628106739537;0,231951962112217;0,0466675717853233;0,36303353322232;0,421759566047246;0,0221342715933646;0,0488485913861985;0;0;0;0;0;0;0;0;0;0;0;0;0
"TCGA-CC-A7IJ-01";4,733333333;12,55876648;0;0;0;0;0;0,4032;0,4032;0;0;0,892728390173449;0,0329712981462557;0,0367290913278272;0,703836114065085;0,236939027009465;0,331954275048955;0,0578289395469593;0,0506398010244043;0,131746718749618;0,0223803376964144;0,108458623281432;0;0;0;0;0;0;0;0;0;0;0;0;0
"TCGA-CC-A7IK-01";9,666666667;8,613604235;1;0;0;0;0;0;0;0;0;0,768475201014028;0,0414947903682523;0,0361504595036484;0,157484298106281;0,0316555833114917;0,120632134682903;0,0780831652803856;0,0336371910117237;0,0397281349324486;0,0273023225250591;0,0296679510431742;0;0;0;0;0;0;0;0;0;0;0;0;0
"TCGA-CC-A7IL-01";3,3;9,139625867;1;0;0;0;0;0;0;0;0;0,347110474988326;0,0223802924215661;0,0415444077382102;0,135870786069854;0,0276152536419153;0,06654147448741;0,056316686782686;0,0431377681558061;0,0320108463642487;0,0201907229006121;0,49658252509594;0;0;0;0;0;0;0;0;0;0;0;0;0
"TCGA-CC-A8HT-01";6,133333333;4,602689286;1;0;0;0;0;0;0;0,6112;0;0,746784579250936;0,0289044092671242;0,0483625904319594;0,39410086686756;0,0400521408809402;0,298575011161742;0,168233848763377;0,114834041588638;0,0821020430296745;0,0265207646625628;0,0949080931256568;0;0;0;0;0;0;0;0;0;0;0;0;0
"TCGA-CC-A8HU-01";2,9;11,3094651;1;0;0;0;0;0;0;0;0;0,814707128026649;0,0305816068398234;0,061034614066843;0,680740760744261;0,0385314012731413;0,796493351047914;0,385625578521575;0,0499472824507468;0,0592163141488205;0,032192971615895;0,0706245716419591;0;0;0;0;0;0;0;0;0;0;0;0;0
"TCGA-CC-A8HV-01";4,2;9,172502219;1;0;0;0;0;0,6227;1,2453;0;0;0,88267506569926;0,034710085082269;0,075805126832606;0,736392723931584;0,0328743317157961;0,706077805454943;0,408741513084313;0,0625107710355841;0,0393496848366541;0,0361348012618435;0,079677294511271;0;0;0;0;0;0;0;0;0;0;0;0;0
"TCGA-CC-A9FS-01";3,266666667;6,93691028;0;0;0;0;0;0;3,8835;0;0;0,801876423665978;0,0298422703360335;0,038296296280904;0,527145905535934;0,0386510208056611;0,452953227039364;0,638759360328862;0,0592088490204102;0,0944910479546349;0,0306359507769544;0,250343643031875;0;0;0;0;0;0;0;0;0;0;0;0;0
"TCGA-CC-A9FW-01";4,6;8,153335306;0;0;0;0;0;0;0;0;0;0,951273295479126;0,0293197484654744;0,0458478608631083;0,547457819632077;0,0190321835319715;0,738596814502326;0,480736349087295;0,339877169010659;0,320563064073911;0,0413984595792401;0,0965127965819031;0;0;0;0;0;0;0;0;0;0;0;0;0
"TCGA-DD-A113-01";8,933333333;79,7251537;0;0;0;0;0;0;0;0;0;0,816441523399963;0,0299958076009072;0,058306478057422;0,76933155683835;0,0302224049381755;0,697995912086362;0,438976240779815;0,469147452983791;0,514676415195526;0,0396609721870401;0,143063747872064;0;0;0;0;0;0;0;0;0;0;0;0;0
"TCGA-DD-A114-01";6,566666667;37,77492849;1;0;0;0;0;0;0;0;0;0,900494794260132;0,0384557333442936;0,043692462987825;0,597091462993265;0,111459582312505;0,378290351539067;0,275893523824473;0,0867944894803565;0,179382720632693;0,032036398728332;0,162885528481729;0;0;0;0;0;0;0;0;0;0;0;0;0
"TCGA-DD-A115-01";5,333333333;83,57168689;1;0;0;0;0;0;0;0;0;0,864910543868918;0,0288980486326239;0,0279030079953793;0,27506569168254;0,0347846879491003;0,137785425589145;0,509907714660095;0,190479734849546;0,0800050515011437;0,0307152222575801;0,05927602323301;0;0;0;0;0;0;0;0;0;0;0;0;0
"TCGA-DD-A116-01";3,466666667;53,32544301;1;0;0;0;0;0;0;0;0;0,838900589136997;0,0352585193361141;0,0331091982417167;0,75378667961325;0,0304633482442706;0,736606683703788;0,109475719179733;0,0803204775906248;0,0709991731986508;0,0262931342953197;0,0516779065784537;0;0;0;0;0;0;0;0;0;0;0;0;0
"TCGA-DD-A118-01";3,633333333;112,996022;0;0;0;0;0;0;0;0;0;0,826581483393325;0,0309627299964384;0,033689036565582;0,796357644059402;0,0213626675332747;0,797668967768636;0,584665070427323;0,088562051123261;0,628078815525719;0,0416486622996642;0,0414613795275732;0;0;0;0;0;0;0;0;0;0;0;0;0
"TCGA-DD-A119-01";4,133333333;7,331426505;1;0;0;0;0;0;0;0;0;0,847985013585758;0,0356204371356439;0,0338227076302544;0,685646481680859;0,0238618973650366;0,732528953696517;0,628176557414753;0,0957124037189652;0,0518619460341126;0,0298881383752803;0,0844906746558515;0;0;0;0;0;0;0;0;0;0;0;0;0
"TCGA-DD-A11A-01";4,066666667;2,597231811;0;0;0;0;0;0;0;0;0;0,870128512172021;0,0289611923972452;0,0307011248469119;0,224851945721555;0,47881718176021;0,371036356437231;0,419727865422415;0,691993280670695;0,744727419077209;0,0211666465773335;0,0327437938884677;0;0;0;0;0;0;0;0;0;0;0;0;0
"TCGA-DD-A11B-01";2,9;0,460268929;1;1,1141;0;0;0;0;0;0;0;0,85851085743144;0,0271968649929638;0,0303930675507282;0,601054690705515;0,0384985401035274;0,164835349307211;0,770020148125777;0,446525632384072;0,0359441979537608;0,0259619385985502;0,0497184469510774;0;0;0;0;0;0;0;0;0;0;0;0;0
"TCGA-DD-A11C-01";2,733333333;21,76414505;0;0;0;0;0;0;0;0;0;0,891842640762584;0,0297412278810645;0,0274201078596193;0,153311099785441;0,0390822935846297;0,104143207847823;0,599206760874884;0,392075155571323;0,105070057637693;0,0223287705210049;0,290825840562631;0;0;0;0;0;0;0;0;0;0;0;0;0
"TCGA-DD-A11D-01";3,766666667;51,28710918;1;0;0;0;0;0;0;0;0;0,680364493454273;0,0260011403232122;0,0370553314530904;0,231197995868759;0,0296439331004866;0,139151666931421;0,666767796640238;0,150976405567612;0,0447625299144656;0,0222056269866563;0,0364571633031456;0;0;0;0;0;0;0;0;0;0;0;0;0
"TCGA-DD-A1EB-01";5,3;66,31160207;0;0;0;0;0;0;0;0;0;0,875383921934839;0,035944955002446;0,103016102448847;0,741439912478472;0,0410954315276798;0,128651304104683;0,101383243768241;0,0930046046870092;0,115490623553257;0,0181062903136223;0,366656009037772;0;0;0;0;0;0;0;0;0;0;0;0;0
"TCGA-DD-A1EC-01";0,733333333;19,79156393;0;0;0;0;0;0;0;0;0;0,904132459432821;0,0401765518911033;0,0786553019042779;0,672246215833273;0,0309135013730791;0,289011863814888;0,160392028722755;0,35678434908806;0,226365914241098;0,0311309953182556;0,101733545339652;0;0;0;0;0;0;0;0;0;0;0;0;0
"TCGA-DD-A1ED-01";0,9;75,64848604;0;0;0;0;0;0;0;0;0;0,873763778149091;0,0261978533322024;0,0277296624466448;0,753021226082761;0,0478988544103494;0,290427011984438;0,184512799568528;0,362350208143419;0,163435574204753;0,0445235030648671;0,103272794811729;0;0;0;0;0;0;0;0;0;0;0;0;0
"TCGA-DD-A1EE-01";22,13333333;11,47384686;1;0;0;0,3967;0;0;0;0;0;0,915941591782127;0,0210959657186895;0,0331890099661658;0,428556436750933;0,273913870938304;0,531686933671932;0,753266886861466;0,467485614426027;0,23743355142471;0,0218429409476686;0,378513982083942;0;1;0;0;1;0;0;0;0;0;0;0;0
"TCGA-DD-A1EF-01";3,633333333;12,9532827;1;0;0;0,8319;0;0;1,6639;0;0;0,91216666038197;0,0268833612194751;0,0336986242009595;0,838236338080806;0,38148387511614;0,714059898073998;0,446053078068545;0,249931154918186;0,430109576446025;0,0324092005224918;0,144517593560086;0;0;0;0;0;0;0;0;0;0;0;0;0
"TCGA-DD-A1EH-01";1,266666667;49,1501463;0;0;0;0;0;0;0;0;0;0,905881071338694;0,0332206870358148;0,0430886671205839;0,788914654008;0,0291187023997925;0,801787077119321;0,768129238854156;0,0764611484081543;0,0537979110376964;0,0299614824992221;0,271775612197809;0;0;0;0;0;0;0;0;0;0;0;0;0
"TCGA-DD-A1EI-01";1,833333333;6,016372423;0;0;0;0;0;0;0,4067;0;0;0,84986018430837;0,0296948382837268;0,0326153500338491;0,665216204753958;0,0247703472628283;0,430022479142297;0,175770658900347;0,0878179394151544;0,114403957677866;0,0282908281554909;0,0996513358526016;0;0;0;0;0;0;0;0;0;0;0;0;0
"TCGA-DD-A1EJ-01";1,966666667;33,0407338;1;0;0;0;0;0;0;0;0;0,824682022514501;0,0274694249820469;0,0405924692218453;0,602064445977315;0,0255058523867148;0,50879674454562;0,455728595830458;0,254815541066169;0,122348657393259;0,0210237656859231;0,0448822589957328;0;0;0;0;0;0;0;0;0;0;0;0;0
"TCGA-DD-A1EK-01";2,1;18,34500444;1;0;0;0;0;0;0;0;0;0,792272164507887;0,0293321205911233;0,0290316705427418;0,301160655720639;0,0349524356592907;0,549846847234325;0,216683259391746;0,0721057150897742;0,0514069485091519;0,0303702501726488;0,0399191995428881;0;0;0;0;0;0;0;0;0;0;0;0;0
"TCGA-DD-A1EL-01";2,9;13,6436861;1;0;0;0;0;0;0,3413;0;0;0,666023732866805;0,053565524572614;0,0325906314787103;0,256610286161653;0,0614002971786056;0,162514190815539;0,0834586248983121;0,0796914919517669;0,0399122001219716;0,0416930701464824;0,0448601938525627;0;0;0;0;0;0;0;0;0;0;0;0;0
"TCGA-DD-A39V-01";2,266666667;21,13949436;1;0;0;0;0;0;0;0;0;0,807631256779331;0,0290142145365931;0,0347713589729405;0,289026821357643;0,0217080450514236;0,45883086146924;0,052948431867806;0,383969374208645;0,162855798162839;0,0222770698127677;0,30623197074915;0;0;0;0;0;0;0;0;0;0;0;0;0
"TCGA-DD-A39W-01";1,2;27,18874314;1;0;0;0;0;0,5964;0;0;0;0,842168627475048;0,0315929214338979;0,0861747654102511;0,32922144627251;0,024341211874405;0,826665691086242;0,421095861133448;0,25742733624589;0,496295600399579;0,0221931646676897;0,149999381864127;0;0;0;0;0;0;0;0;0;0;0;0;0
"TCGA-DD-A39X-01";2,166666667;55,69254036;1;0;0;0;0;0;0;0;0;0,892220158016588;0,0498248941623104;0,0303836097700706;0,658622045499185;0,0335943596303596;0,498434326219274;0,478965515116797;0,321277795833823;0,0835911004104387;0,0295336925426248;0,0518084616142202;0;0;0;0;0;0;0;0;0;0;0;0;0
"TCGA-DD-A39Z-01";2,366666667;19,75868758;1;0,8905;0;0;0;0;0;0;0;0,891617743084493;0,0449651537108358;0,0392351572119965;0,4083079030704;0,0444070127667159;0,419330171666728;0,726073223266131;0,146830282356367;0,068217793186819;0,0339694837947872;0,0311564280242464;0;0;0;0;0;0;0;0;0;0;0;0;0
"TCGA-DD-A3A2-01";2,366666667;70,0595062;1;0;0;0;0;0;0;0;0;0,845676231226067;0,0436264010757777;0,0308897181761284;0,382102872324918;0,0231368321803456;0,172620433599265;0,409516541643135;0,374303846424027;0,100615342822988;0,0158552424991014;0,0382176105299454;0;0;0;0;0;0;0;0;0;0;0;0;0
"TCGA-DD-A3A3-01";1,633333333;17,58884834;1;0;0;0;0;0;1,0549;0;0;0,423855306666654;0,0300752531043177;0,0337985479051649;0,699810731074986;0,0259546422590392;0,481664897272248;0,0584280077383292;0,0833221203992172;0,0570331619187312;0,0230648399130013;0,0371833214018557;0;0;0;0;0;0;0;0;0;0;0;0;0
"TCGA-DD-A3A4-01";1,3;20,12032745;1;0;0;0;0;0;0;0;0;0,877035958110879;0,0351380592545541;0,0451901948478089;0,730744984590339;0,0630719588023624;0,446402043446679;0,0746168539757258;0,264022330717725;0,0410509322415078;0,0224849810435571;0,11937808149759;0;0;0;0;0;0;0;0;0;0;0;0;0
"TCGA-DD-A3A5-01";2,066666667;102,7386001;1;0;0;0;0;0;0;0;0;0,872236418992907;0,101137340534136;0,0336150930911009;0,396461885625348;0,0249462504100994;0,462653070280852;0,275791413073346;0,0703854681785262;0,0436612956228353;0,0256818161919017;0,164355103840906;0;0;0;0;0;0;0;0;0;0;0;0;0
"TCGA-DD-A3A6-01";0,933333333;107,111155;1;0;0;0;0;0;0;0;0;0,852613489170963;0,0310095182710758;0,0314993136185851;0,605894400481222;0,0235787450380996;0,360565227373328;0,0810508054959955;0,104808823537441;0,153247649037377;0,0222620420513494;0,121334624654581;0;0;0;0;0;0;0;0;0;0;0;0;0
"TCGA-DD-A3A7-01";3,966666667;13,77519151;1;0;0;0;0;0;0;0;0;0,863908074283625;0,0272976438641827;0,0405621304313001;0,59861716184458;0,319367147173351;0,764584418598467;0,0748606184368237;0,688350331636392;0,758742444703065;0,027436285024588;0,277321540655033;0;0;0;0;1;0;0;0;0;0;0;0;0
"TCGA-DD-A3A8-01";3,733333333;0,361639872;1;0;0;0;0,7148;0;0;0;0;0,915966177633017;0,0338583888485778;0,0333258225392328;0,703851775169407;0,0266479042177494;0,789164281224757;0,101929092238552;0,155670376359072;0,0937645045627996;0,0283235587039072;0,0991720717065156;0;0;0;0;0;0;0;0;0;0;0;0;0
"TCGA-DD-A3A9-01";11,26666667;30,60788375;1;0;0;0;0;0;0;0;0;0,904859932770469;0,0270798227594059;0,039845229789882;0,756713136786979;0,297619360467727;0,705128887028388;0,615601479521646;0,155154335775401;0,479853479463614;0,0214114032031466;0,0786240231878403;0;0;0;0;0;0;0;0;0;0;0;0;0
"TCGA-DD-A4NA-01";0,933333333;33,13936286;0;0;0;0,4283;0;0,4283;0;0;0;0,927372946167388;0,0304895331172341;0,0568160401030092;0,765283266623232;0,02394545923618;0,741205707254029;0,606496127784601;0,047039241579155;0,0589872312946845;0,0171035152779875;0,209227005728551;0;0;0;0;0;0;0;0;0;0;0;0;0
"TCGA-DD-A4NB-01";0,8;32,51471217;0;0;0;0;0;0;1,2706;0;0;0,883952612211763;0,0277217131100579;0,194384239477625;0,554819944924404;0,0252164517317982;0,272281977856577;0,0776533567504283;0,0776794332837752;0,104741870046536;0,029059089228171;0,0913065076587518;0;0;0;0;0;0;0;0;0;0;0;0;0
"TCGA-DD-A4ND-01";1,766666667;90,2784627;0;0;0;0;0;0;0;0;0;0,863134164256373;0,0245277262992642;0,0389014851294854;0,64050313492567;0,0289783457232648;0,394652337940137;0,219546957549418;0,0833897830728564;0,0827789831593321;0,023062823107457;0,109624596458896;0;0;0;0;0;0;0;0;0;0;0;0;0
"TCGA-DD-A4NE-01";1,733333333;21,69839235;1;0;0;0;0;0;0;0;0;0,903366249741762;0,0274562985565671;0,0593390181873595;0,815875945717286;0,0266285627704486;0,227691891261617;0,312082213101422;0,653245181170228;0,0472801640798401;0,0270217460215931;0,042377292681329;0;0;0;0;0;0;0;0;0;0;0;0;0
"TCGA-DD-A4NF-01";3,966666667;30,96952362;0;0;0;0;0;0;0;0;0;0,892512346837176;0,0287375794868355;0,0361378691387904;0,848352880311071;0,0248085745018428;0,474286316709145;0,319426903753669;0,142023571368066;0,476935164737264;0,0414443444118455;0,374438832116281;0;0;0;0;0;0;0;0;0;0;0;0;0
"TCGA-DD-A4NG-01";4,666666667;26,36683434;1;0;0;0;0;0;0;0;0;0,8782628638012;0,0341478681274234;0,0359403701679188;0,419551294228919;0,205366329715032;0,540804217026786;0,626722182162492;0,580906157322623;0,61191870651975;0,0188156709216233;0,0756083477200098;0;0;0;0;0;0;0;0;0;0;0;0;0
"TCGA-DD-A4NH-01";3,266666667;30,14761482;0;0;0;0;0;0;0;0;0;0,837863483479564;0,0292728651492832;0,0380874251531162;0,773723667593435;0,0241575557778917;0,623292876987567;0,19053857417561;0,0545698100584146;0,14450742713321;0,0239404742068788;0,118386437409904;0;0;0;0;0;0;0;0;0;0;0;0;0
"TCGA-DD-A4NI-01";9,833333333;26,82710327;0;0;0;0;0;0;0;0;0;0,890994294239412;0,0276658155015916;0,0333698562957124;0,428929860466875;0,027434854198758;0,418644076688292;0,552861281545336;0,396070057720709;0,213791451326471;0,0289459477945511;0,270883444129596;0;0;0;0;0;0;0;0;0;0;0;0;0
"TCGA-DD-A4NJ-01";5,166666667;30,50925469;0;0;0;0;0;0;0;0;0;0,892432793436487;0,0366448174418455;0,0459207554478038;0,501114042603979;0,0438871652659927;0,332046990533394;0,555599287660575;0,0946109240601384;0,201228642959121;0,0219192651271592;0,0646477552866051;0;0;0;0;0;0;0;0;0;0;0;0;0
"TCGA-DD-A4NK-01";4,866666667;39,78038597;1;0;0;0;0;0;0;1,4329;0;0,851844775007987;0,0277813808420576;0,0388060322843739;0,236177604856416;0,0468195159781683;0,281472887136305;0,554464884684373;0,238633088813292;0,0535762961758715;0,0160394926300138;0,359435901657587;0;0;0;0;0;0;0;0;0;0;0;0;0
"TCGA-DD-A4NL-01";0,966666667;56,25143834;0;0;0;0;0;0;0;0;0;0,859118420465452;0,0392934489361578;0,0406219989511738;0,691218357967761;0,0324380152528759;0,270875075998056;0,293313123794194;0,084307547435724;0,135844620774154;0,0267556746705342;0,109614039982011;0;0;0;0;0;0;0;0;0;0;0;0;0
"TCGA-DD-A4NN-01";3,366666667;29,55584048;1;0;0;0;0;0;0;0;0;0,88821365015251;0,0359542762471184;0,0534474072068195;0,74765422864483;0,0351176293602223;0,796293997412465;0,481420338032316;0,397634501835949;0,0389038118872853;0,0199606366413833;0,108142924029982;0;0;0;0;0;0;0;0;0;0;0;0;0
"TCGA-DD-A4NO-01";3,7;73,80741033;0;0;0;0;0;0;0;0;0;0,916512708628898;0,0327094700860475;0,0409061592699828;0,534956074416893;0,0448812368310345;0,513005515733405;0,393361659200096;0,14130841354502;0,057225613475674;0,0228680749417339;0,401037988840873;0;0;0;0;0;0;0;0;0;0;0;0;0
"TCGA-DD-A4NP-01";1,766666667;108,7549726;0;0;0;0;0;0;0;0;0;0,905757126068635;0,0388242921139661;0,0398942716837881;0,679385750750043;0,0457520062242136;0,169365207522546;0,424088961333473;0,0933251109847569;0,0922962442869952;0,0477402777771255;0,0697317564415897;0;0;0;0;0;0;0;0;0;0;0;0;0
"TCGA-DD-A4NQ-01";5,666666667;12,26287931;1;0;0;0;0;0;0;0;0;0,596112774895777;0,0408294192278877;0,0431979937847422;0,421312396001706;0,0341476102804547;0,317820947977492;0,0410103803258949;0,0875875069676122;0,0887319883714984;0,0278855315693594;0,0853301753488921;0;0;0;0;0;0;0;0;0;0;0;0;0
"TCGA-DD-A4NR-01";3,633333333;0,295887168;1;0;0;1,0828;0;1,0828;6,497;0;0;0,844501371736488;0,140336535595515;0,0320840321706624;0,689681560110103;0,0203690274437763;0,537381512838412;0,225099173316508;0,0633167247459118;0,135552936344379;0,0175392585633911;0,0864889839684849;0;0;0;0;0;0;0;0;0;0;0;0;0
"TCGA-DD-A4NS-01";3,566666667;80,74432061;1;0;0;0;0;0;0;0;0;0,894092993450582;0,0266955487695708;0,0420024532665648;0,538722914948994;0,0337007028885887;0,311483642135506;0,295647399800366;0,150326703228986;0,106847350508956;0,019870342550638;0,113354733383378;0;0;0;0;0;0;0;0;0;0;0;0;0
"TCGA-DD-A4NV-01";8,6;78,83749219;0;0;0;0;0;0;0;0;0;0,866546126029664;0,0342382518368601;0,0452723727704106;0,391810364312246;0,0599393751373536;0,268838723803433;0,269089110013922;0,29934006036957;0,394729901153821;0,0189007769141965;0,383317273810111;0;0;0;0;0;0;0;0;0;0;0;0;0
"TCGA-DD-A73A-01";3;23,93398429;0;0;0;0;0;0;0;0;0;0,818510287878088;0,0314110928856749;0,0385815402589042;0,374074654195362;0,0266066741002284;0,23200433869713;0,457310907052185;0,100011168526415;0,493213083386058;0,0259417346059414;0,309590462025198;0;0;0;0;0;0;0;0;0;0;0;0;0
"TCGA-DD-A73B-01";2,466666667;9,304007627;1;0;0;0;0;0;0,5345;0;0;0,849775064670031;0,0967198957908571;0,0461605945110575;0,754179953932603;0,0297323891588009;0,825206774742223;0,441385854760982;0,572339979209752;0,082083169112327;0,0268974178236868;0,0654504609671723;0;0;0;0;0;0;0;0;0;0;0;0;0
"TCGA-DD-A73C-01";2,566666667;23,04632278;0;0;0;0;0;0;0;0;0;0,874466313662927;0,0297504628502289;0,0350151642951432;0,416764351341759;0,0245117216447781;0,14557661567747;0,422979541305739;0,0787432344757181;0,0871238830739682;0,0264221801211708;0,0493491179968457;0;0;0;0;0;0;0;0;0;0;0;0;0
"TCGA-DD-A73D-01";2,233333333;22,78331196;0;0;0;0;0;0;0;0;0;0,846389977211725;0,0365794740680209;0,0476321846006902;0,433684506640928;0,0348286791709852;0,255474495490094;0,425001395367868;0,756440218117311;0,447584463589317;0,0347190369324554;0,336563610542964;0;0;0;0;0;0;0;0;0;0;0;0;0
"TCGA-DD-A73E-01";3,933333333;1,44655949;0;0;0;0;2,7855;0;0;0,5571;0;0,848533990340214;0,0353178347133816;0,0300519089548205;0,342694918504143;0,0385647926568777;0,811629220051138;0,64058073661915;0,199792264668108;0,0833803615098517;0,0527618996820331;0,0461357935042374;0;0;0;0;0;0;0;0;0;0;0;0;0
"TCGA-DD-A73F-01";2,266666667;35,67084196;0;0;0;0;0;0;0;0;0;0,782058186392556;0,027089142915499;0,0265878637284259;0,385328834682891;0,0275542655067069;0,291203046561894;0,378401417263961;0,144874190468529;0,205130910181147;0,021193136196709;0,108166622186589;0;0;0;0;0;0;0;0;0;0;0;0;0
"TCGA-DD-A73G-01";3,433333333;114,3439524;0;0;0;0;0;0;0,8319;0;0;0,850822917055048;0,0319923100538952;0,0560592773445218;0,751331827292686;0,0366260432410773;0,662398519378465;0,57746715865997;0,25127549242162;0,537653388541551;0,0299298958721204;0,0566356853572119;0;0;0;0;0;0;0;0;0;0;0;0;0
"TCGA-DD-AA3A-01";1,466666667;13,47930434;1;0;0;0;0;0,6485;0;0;0;0,881349837465056;0,0482065165218189;0,0540275820124107;0,781355107554088;0,0397028168216693;0,197748636119999;0,0458197957301353;0,0936798754297602;0,0486341673885769;0,021099040264264;0,123783824333904;0;0;0;0;0;0;0;0;0;0;0;0;0
"TCGA-DD-AAC8-01";16,93333333;0,526021633;1;0;0;0;3,4208;0;0;0;0;0,906101467926252;0,0316189301865757;0,647639701088514;0,395555797320148;0,0258497709717432;0,39941378520089;0,0954351500663155;0,423348506629784;0,0335930075532875;0,0208166842482352;0,0995558531278753;0;1;0;0;0;0;0;1;0;0;0;0;0
"TCGA-DD-AAC9-01";2,7;11,40809416;0;0;0;0;0;0;0;0;0;0,928418150451753;0,0269064459248267;0,0618532365784952;0,612562363092023;0,0269363102396752;0,327133957901656;0,528095306572516;0,403895245208074;0,2823626991071;0,0269361687017528;0,105004963315592;0;0;0;0;0;0;0;0;0;0;0;0;0
"TCGA-DD-AACA-01";3,6;75,64848604;0;0;0;0;0;0,4356;0;0;0;0,888997093814021;0,0337236600697869;0,0421866571430956;0,170170585522009;0,0263008131805426;0,133740446009478;0,80040582756565;0,392084655640121;0,0793744193551983;0,0329650784129589;0,0391640432711776;0;0;0;0;0;0;0;0;0;0;0;0;0
"TCGA-DD-AACB-01";2,766666667;76,40464214;0;0;0;0;0;0;0;0;0;0,81215054217894;0,0758307511661631;0,0534355665439787;0,435942684004384;0,0431130406667311;0,257791652456771;0,115625646049626;0,0730489403616165;0,16949150907844;0,0237436308096224;0,0487174550791086;0;0;0;0;0;0;0;0;0;0;0;0;0
"TCGA-DD-AACC-01";3,033333333;55,39665319;1;0;0;0;0;0;0;0;0;0,862532795507017;0,0327006403765786;0,0379269023548082;0,743311663945245;0,203634547599593;0,545011366935008;0,244355762408776;0,158290015651022;0,0908170150736985;0,0182496543890598;0,163500867778465;0;0;0;0;0;0;0;0;0;0;0;0;0
"TCGA-DD-AACD-01";2,833333333;12,52589013;1;0;0;0;0;0;0;0;0;0,912119931293879;0,0353573782568914;0,0514704739598964;0,724277328578502;0,227654549461984;0,718462751011534;0,520780776470547;0,0862602805204017;0,0722200140272007;0,0220475867472251;0,0647881364007852;0;0;0;0;0;0;0;0;0;0;0;0;0
"TCGA-DD-AACE-01";2,433333333;71,80195286;0;0;0;0;0;0;0;0;0;0,898812199567099;0,0316736223248511;0,0403538648582309;0,162353245671834;0,0249371841730898;0,0895021642668623;0,52285276792172;0,117101172593638;0,425450266599048;0,0230063365811836;0,0336398769643467;0;0;0;0;0;0;0;0;0;0;0;0;0
"TCGA-DD-AACF-01";3,933333333;11,9998685;1;0;0;0;0;0;0;0;0;0,93673285883413;0,336929397852892;0,0397504251267696;0,730922890406283;0,0250525588112347;0,510451868790019;0,124761024880724;0,715463299108089;0,118011235689818;0,0306400004140694;0,0624382970358539;0;0;0;0;0;0;0;0;0;0;0;0;0
"TCGA-DD-AACG-01";3,166666667;15,41900911;1;0;0;0;0;0;0;0;0;0,858184085637507;0,053209782159292;0,0577806080079964;0,612636398818877;0,0371124179201787;0,659467226254214;0,0712100547544546;0,0932499732186421;0,0897184402127852;0,0277495228311847;0,0521578945474791;0;0;0;0;1;0;0;0;0;0;0;0;0
"TCGA-DD-AACH-01";2,933333333;6,410888648;1;0;0;0;0;0;0;0;0;0,910009171543821;0,0465460786635319;0,0433901920027045;0,729876855135839;0,0560815476459099;0,308169912148801;0,479703817417896;0,371819929566107;0,432634987389537;0,0495082450452042;0,0400362090026946;0;0;0;0;0;0;0;0;0;1;0;0;0
"TCGA-DD-AACI-01";11,16666667;53,1939376;0;0;0;0;0;0;0;0;0;0,943065445693412;0,0349751440279853;0,0786464887880042;0,44497249446723;0,108729671477102;0,308327680453794;0,339145678302999;0,379153059015205;0,521704936024564;0,0265317640545827;0,353469505403879;0;0;0;0;0;0;0;0;0;0;0;0;0
"TCGA-DD-AACJ-01";3;69,10609199;0;0;0;0;0;0;0;0;0;0,849984487496189;0,0418196721737082;0,0644396226309406;0,440349454582802;0,0239007721743703;0,0847495178335703;0,819528077926271;0,147094397570685;0,715917146660414;0,0194346410582959;0,277214119819322;0;0;0;0;0;0;0;0;0;0;0;0;0
"TCGA-DD-AACL-01";9,133333333;3,517769668;1;0;0;0;0;0;0;0;0;0,745597863853719;0,0375192261608772;0,0549422886909888;0,576831225931213;0,200263568878762;0,348707638681156;0,192462967348527;0,0773624818640488;0,107996072303412;0,0270627686019247;0,0601972304224456;1;0;0;0;0;0;0;0;0;0;0;0;0
"TCGA-DD-AACN-01";1,433333333;42,80501036;0;0;0;0;0;0;0;0;0;0,923645145245318;0,0374092937651032;0,0495119818480917;0,745543767696701;0,0338587563818774;0,68737094807456;0,614062472998799;0,086396738000362;0,0440765555609655;0,0282915806126047;0,0354342128396253;0;0;0;0;0;0;0;0;0;0;0;0;0
"TCGA-DD-AACO-01";1,366666667;61,67603643;0;0;0;0;0;0;0;0;0;0,948885508265996;0,0362000588847817;0,0633738976002066;0,745403061236356;0,0266180785310809;0,256743899309227;0,69458427622732;0,138984316001356;0,199513597895927;0,0184336440548593;0,196097035422148;0;0;0;0;0;0;0;0;0;0;0;0;0
"TCGA-DD-AACP-01";5,666666667;13,6436861;0;0;0;0;0;0;0;0;0;0,878397424777855;0,0400832782183011;0,0674086258664794;0,34508820989593;0,0277509973561944;0,266434091088844;0,0603621728510691;0,428075974345921;0,0646625353063387;0,0258500470571772;0,045360266960389;0;0;0;0;0;0;0;0;0;0;0;0;0
"TCGA-DD-AACQ-01";6,9;14,20258408;1;0;0;0;0;0;0;0;0;0,901282416121162;0,0547715836254266;0,0571890137929568;0,277554488809374;0,0266518345797032;0,134457788951175;0,132893726429069;0,520951768664668;0,0638621355702207;0,0416512752802426;0,142824121669919;0;0;0;0;0;0;0;0;0;0;0;0;0
"TCGA-DD-AACS-01";1,5;59,30893908;0;0;0;0;0;0;0;0;0;0,947292747415371;0,035111076058092;0,0436418258788883;0,817002130039166;0,0254259184228485;0,0726599734563388;0,478567165349383;0,0927644111353856;0,0445974398482206;0,021835431091739;0,0908432612880849;0;0;0;0;0;0;0;0;0;0;0;0;0
"TCGA-DD-AACT-01";6;51,35286189;0;0;0;0;0;0;0;0;0;0,930061174460522;0,047282420799249;0,0658164660238335;0,583796850012801;0,0369363281544561;0,189336039532095;0,588832771073693;0,375000978448414;0,199677546141757;0,0378049646305069;0,0826223735216747;0;0;0;0;0;0;0;0;0;0;0;0;0
"TCGA-DD-AACU-01";3,8;51,51724365;0;0;0;0;0;0;0;0;0;0,852248813216792;0,0306129067954658;0,0407719772215116;0,447458928485631;0,0231093936483185;0,152101390942677;0,287431464569239;0,0707554005968668;0,0548420754671081;0,0258809538431393;0,171971163301759;0;0;0;0;0;0;0;0;0;0;0;0;0
"TCGA-DD-AACV-01";3,466666667;50,33369497;0;0;0;0;0;0;0;0;0;0,932487552942412;0,0312821346626979;0,0852777773185456;0,103936593036316;0,0197992255970422;0,0381444164548422;0,517104158463444;0,0741813161146614;0,0426961679143556;0,0291524792582354;0,233428318483284;0;0;0;0;0;0;0;0;0;0;0;0;0
"TCGA-DD-AACW-01";1,633333333;46,81592531;0;0;0;0;0;0;0;0;0;0,877894386326281;0,0395449786697011;0,0736530555047309;0,782309720960698;0,0263504134273385;0,64445419634513;0,102675443916551;0,0971257289547403;0,0883761014343213;0,0350987676654664;0,0677365463647787;0;0;0;0;0;0;0;0;0;0;0;0;0
"TCGA-DD-AACX-01";3,8;5,588979847;0;0;0;0;0;0;0;0;0;0,949748112059172;0,0417594417978457;0,0675706460364718;0,576325688684377;0,0297066634865632;0,901046936571888;0,575851996067627;0,490612906223033;0,297481771386685;0,036400766761017;0,0392986436930596;0;0;0;0;0;0;0;0;0;0;0;0;0
"TCGA-DD-AACY-01";2,766666667;47,67071046;0;0;0;0;0;0;0;0;0;0,939838339022225;0,0375522271004896;0,0754085908848024;0,595210571229564;0,0310069756170313;0,212807882605213;0,386993035493635;0,0910540000938626;0,271870138090658;0,0247903245568511;0,70309995038092;0;0;0;0;0;0;0;0;0;0;0;0;0
"TCGA-DD-AACZ-01";5,233333333;5,621856199;1;0;0;0;0;0;0,5411;0;0;0,788763155273483;0,0295538294921636;0,0351613145924145;0,458494144047241;0,28762547189059;0,193148788234352;0,0532514372307808;0,351817248989969;0,111572954201869;0,0281589271712157;0,151091365533952;0;0;0;0;0;0;0;0;0;0;0;0;0
"TCGA-DD-AAD0-01";3,433333333;4,50406023;0;0;0;0;0;0;0;0;0;0,949605841719055;0,0458297762011312;0,0714280463237806;0,121040566671012;0,0383203848570629;0,56820838825446;0,524176822852569;0,169331627499852;0,184260383393222;0,0576610460351203;0,0353961571563605;0;0;0;0;0;0;0;0;0;0;0;0;0
"TCGA-DD-AAD1-01";3,733333333;18,54226255;0;0;0;0;0;0;0;0;0;0,873679590324477;0,0852894445260261;0,0446018190092897;0,720770999607345;0,29116751725492;0,642394034515376;0,421880486839762;0,0964816562776683;0,168207226160669;0,0583135937733706;0,239710480303019;0;0;0;0;0;0;0;0;0;0;0;0;0
"TCGA-DD-AAD2-01";2,533333333;21,63263964;0;0;0;0;0;0;0;0;0;0,627283206229514;0,0405666122677821;0,0438653309503518;0,612170281107226;0,0332577436513815;0,489378581539403;0,151389463353588;0,082675372581393;0,0973530259169297;0,0222497361530897;0,119905035613169;0;0;0;0;0;0;0;0;0;0;0;0;0
"TCGA-DD-AAD3-01";2,2;42,57487589;0;0;0;0;0;0;0;0;0;0,87348801664161;0,0366931994398659;0,0497571767665856;0,405131881604336;0,0265395860995798;0,183950734995674;0,0870188866152205;0,366137253511133;0,130721796504721;0,0268890551208866;0,134520987248059;0;0;0;0;0;0;0;0;0;0;0;0;0
"TCGA-DD-AAD5-01";4,066666667;44,21869349;0;0;0;0;0;0;0;0;0;0,713095950410312;0,038369111165193;0,0575498300051646;0,516573960333898;0,0534574122180502;0,532376711843778;0,293124120674599;0,0806219856711407;0,252589140669837;0,0592265296803609;0,0378572770193745;0;0;0;0;0;0;0;0;0;0;0;0;0
"TCGA-DD-AAD6-01";3,166666667;22,09290857;0;0;0;0;0;0;0;0;0;0,91619717387848;0,0327758890326156;0,139935303301461;0,328738334276055;0,0263750779974433;0,459519250448863;0,448546602101821;0,155577792658169;0,0432509849541697;0,0246073349789119;0,0461182725775868;0;0;0;0;0;0;0;0;0;0;0;0;0
"TCGA-DD-AAD8-01";3,7;40,07627314;0;0;0;0;0;1,8872;0;0;0;0,94420898194844;0,0322481556071274;0,0712198531609038;0,101358959286052;0,02906601098942;0,0506507272893842;0,706290303343948;0,355970356577731;0,238969958727661;0,0183832630700009;0,506209689115373;0;0;0;0;0;0;0;0;0;0;0;0;0
"TCGA-DD-AADA-01";3,733333333;40,53654207;0;0;0;0;0;0;0;0;0;0,923271438278651;0,0363550420544369;0,042125342627804;0,688480355922559;0,29698475397727;0,694107970446151;0,628202876078492;0,593435601948918;0,0744319127194458;0,0238857754089736;0,162986437134491;0;0;0;0;0;0;0;0;0;0;0;0;0
"TCGA-DD-AADB-01";3,766666667;40,83242923;0;0;0;0;0;0;0;0;0;0,812656937290116;0,0309580217857717;0,0364755911997529;0,564290224548323;0,0265738519425633;0,420403601405449;0,0698495448056642;0,181359219713713;0,114860430661192;0,0175678662661766;0,083542281050164;0;0;0;0;0;0;0;0;0;0;0;0;0
"TCGA-DD-AADC-01";2,7;13,97244962;1;0;0;0;0;0;0;0,8251;0;0,599875398752797;0,0322045094449349;0,0537258713711803;0,425687722688146;0,0298295696812885;0,688062969445437;0,0733750578618912;0,111662097251042;0,12993468504003;0,0224968829062054;0,0942482144804211;0;0;0;0;0;0;0;0;0;0;0;0;0
"TCGA-DD-AADD-01";2,733333333;40,47078936;0;0;0;0;0;0;0;0;0;0,844986368462348;0,0271886040834939;0,040813428392959;0,161621277488852;0,0200955107090287;0,0948460539483579;0,0678829752309419;0,0690241529672721;0,0452588296192224;0,0183790831882369;0,0342467991167812;0;0;0;0;0;0;0;0;0;0;0;0;0
"TCGA-DD-AADF-01";7,1;3,780780485;1;0;0;0;0;0;0,852;0;0;0,777359867646311;0,0250476349136122;0,0412370520665422;0,283897248935175;0,0303070135170216;0,341480142445519;0,0376500153611161;0,543517235996526;0,494553299565672;0,0303632648268725;0,433105943678277;0;0;0;0;0;0;0;0;1;0;0;0;0
"TCGA-DD-AADG-01";5,366666667;37,64342309;0;0;0;0;0;0;0;0;0;0,920160749903471;0,0364670169933999;0,0604271612172593;0,203385273264901;0,0269094775138635;0,0618897114992386;0,613444256320797;0,323146597567511;0,0984270699279123;0,027466267724685;0,0837764574790612;0;0;0;0;0;0;0;0;0;0;0;0;0
"TCGA-DD-AADI-01";3,533333333;35,67084196;0;0;0;0;0;0;0;0,7257;0;0,948646748403169;0,0334972054171433;0,0380822463771806;0,776372686293185;0,0213389240153269;0,769588845926932;0,614391585843303;0,330179204507023;0,0923554562374938;0,0225198342299835;0,101809513078019;0;0;0;0;0;0;0;0;0;0;0;0;0
"TCGA-DD-AADJ-01";2;35,04619128;0;0;0;0;0;0;0;0;0;0,786826730005574;0,0348726209256277;0,0394525609275647;0,787483481038606;0,027198582610452;0,509624732193166;0,186867306415205;0,250921814155548;0,463414889229172;0,0316495768207874;0,0604765382879019;0;0;0;0;0;0;0;0;0;0;0;0;0
"TCGA-DD-AADK-01";1,933333333;34,48729329;0;0;0;0;0;0;0;0;0;0,828947764616954;0,0339870341703821;0,0464984384949449;0,67863717712996;0,0266663743711527;0,58417347350657;0,41005098572922;0,0900311823660754;0,160995105230726;0,0278296052258962;0,1677412593769;0;0;0;0;0;0;0;0;0;0;0;0;0
"TCGA-DD-AADL-01";4,1;20,9093599;0;0;0;0;0;0,4666;0;0;0;0,923052161079853;0,0368957944612387;0,0692260623707433;0,383929857678154;0,0605985540082733;0,168714375799155;0,393699029177402;0,126814300579332;0,0878610692367058;0,0266166838857559;0,12137818182329;0;0;0;0;0;0;0;0;0;0;0;0;0
"TCGA-DD-AADM-01";5,633333333;0,394516225;1;0;0;0;0;0;0;0;0;0,87176696162386;0,0295981887284653;0,0512129527204122;0,390023318380759;0,04033357838804;0,481144184636949;0,557375372500364;0,591499062816379;0,252626949748203;0,0609217256636818;0,136558402894924;0;0;0;0;0;0;0;0;0;0;0;0;0
"TCGA-DD-AADN-01";3,5;29,52296413;0;0;0;0;0;0;0;0;0;0,942342385821636;0,0347045721225772;0,0337045126065532;0,359478152058801;0,284695473771006;0,452264570095467;0,304503778883708;0,257735643190223;0,150914222454808;0,0234614910103411;0,0711076969799801;0;0;0;0;0;0;0;0;0;0;0;0;0
"TCGA-DD-AADO-01";6,733333333;14,89298747;0;0;0;0;0;0;0;0;2,6502;0,917567224828138;0,0453828112292064;0,065234193250265;0,749330392442113;0,0281131596524294;0,751409643500831;0,201299068138456;0,0947665664628817;0,118611545405941;0,0289403071040378;0,0929338714013735;0;0;0;0;0;0;0;0;0;0;0;0;0
"TCGA-DD-AADP-01";3,3;15,05736923;0;0;0;0;0;0;0;0;0;0,913929692495721;0,0315487346248143;0,0689688121112745;0,391358868397496;0,028344036029148;0,207242842041067;0,092206749544442;0,0479326087401694;0,162099102137629;0,028535250113935;0,0706926048242575;0;0;0;0;0;0;0;0;0;0;0;0;0
"TCGA-DD-AADQ-01";3,866666667;14,33408949;0;0;0;0;0;0;0;0;0;0,949906468549346;0,0415970564998883;0,0524188349940284;0,270677671854482;0,0221282340734;0,452877517237667;0,817809529263145;0,153405161758039;0,548197258365201;0,0297294918361753;0,0442384080535187;0;0;0;0;0;0;0;0;0;0;0;0;0
"TCGA-DD-AADR-01";2,866666667;66,67324194;0;0;0;0;0;0;0;0;0;0,942672188738321;0,0314909056339098;0,0488732552103474;0,498877978114327;0,0362373134229855;0,201820995443661;0,59508564490618;0,378621472301667;0,127116494111733;0,0279641654451919;0,0886172581044151;0;0;0;0;1;0;0;0;0;0;0;0;0
"TCGA-DD-AADS-01";4,5;15,58339087;0;0;0;0;0;0;0;0;0;0,90756678809356;0,0307825679461132;0,036825714837281;0,501241864919894;0,0188142452474411;0,24059835787605;0,38377417175598;0,349592681019391;0,417897141340471;0,0234687383152859;0,0974254456384442;0;0;0;0;0;0;0;0;0;0;0;0;0
"TCGA-DD-AADU-01";2,8;18,21349903;0;0;0;0;0;0;0,8846;0;0;0,829938765708319;0,0289263120937041;0,054191083059912;0,510493074014959;0,347029418056676;0,76677170016314;0,0547357882258306;0,0854535611199344;0,4292596012695;0,0182854087173389;0,0257554969415845;0;0;0;0;0;0;0;0;0;0;0;0;0
"TCGA-DD-AADV-01";3,133333333;18,87102607;0;0;0;0;0;0;0;0;0;0,742281884411945;0,0262333202384975;0,0456580725880262;0,239553654294607;0,0225239174492042;0,207171392274541;0,204682178432587;0,170084642921038;0,327850418704121;0,0238527620470051;0,108555528713729;0;0;0;0;0;0;0;0;0;0;0;0;0
"TCGA-DD-AADW-01";1,5;19,29841865;0;0;0;0;0;0,3914;0;0;0;0,928661379849676;0,0330954022548888;0,0375055548964741;0,753362695275398;0,0288723339593246;0,777220779458144;0,702986994260305;0,0717327175321753;0,0532730050621535;0,041261852842199;0,0449518096338911;0;0;0;0;0;0;0;0;0;0;0;0;0
"TCGA-DD-AADY-01";1,6;18,24637538;0;0;0;0;0;0;0;0;0;0,935274469699448;0,0334678016905125;0,084229179911945;0,783531452537082;0,0370767076362302;0,867667336269963;0,204158918051482;0,0880955736176162;0,0456078989799849;0,0204512273457625;0,155705918237875;0;0;0;0;0;0;0;0;0;0;0;0;0
"TCGA-DD-AAE0-01";1,966666667;18,24637538;0;0;0;0;0;0;0;0;0;0,925117632492895;0,0366280507283966;0,0454982721013968;0,718064810738236;0,0388264442155149;0,785840658485096;0,242649976087597;0,371981525105042;0,0740121730919464;0,0241226309780528;0,123357678136849;0;0;0;0;0;0;0;0;0;0;0;0;0
"TCGA-DD-AAE1-01";1,533333333;18,14774633;0;0;0;0;0;0;0;0;0;0,937094013280674;0,0362545678075512;0,0426608840002737;0,734614131343919;0,0378903573222621;0,656474859289147;0,492949357055595;0,0978428499685362;0,0504955007984157;0,0338483386486574;0,136302099370379;0;0;0;0;0;0;0;0;0;0;0;0;0
"TCGA-DD-AAE2-01";2,733333333;20,9751126;0;0;0;0;0;0;0;0;0;0,936096303316741;0,0295549059228491;0,0482484121184151;0,236705719006582;0,0440496388079104;0,128521782998282;0,284518967468582;0,45763402971894;0,440198467999457;0,0228564689222539;0,0546460886766091;0;0;0;0;0;0;0;0;0;0;0;0;0
"TCGA-DD-AAE3-01";5,066666667;18,60801526;0;0;0;0;0;0;1,1249;0;0;0,806102260059248;0,0325099659287158;0,0549068676853187;0,357227120114515;0,0340663544756471;0,724996938218445;0,153386941179387;0,0659577398154582;0,310573482659732;0,0306324992929188;0,0385098074625982;0;0;0;0;0;0;0;0;0;0;0;0;0
"TCGA-DD-AAE4-01";1,9;19,98882204;0;0;0;0;0;0;0;0;0;0,878143563653364;0,0236417434438971;0,0343247062882743;0,203498486900017;0,022316635561683;0,114762644926179;0,0604266863477193;0,0621565770544567;0,0594149359278882;0,0212749176271338;0,0691654757197042;0;0;0;0;0;0;0;0;0;0;0;0;0
"TCGA-DD-AAE6-01";2,366666667;4,635565638;0;0;0;0;0;0;0;0;0;0,908860237502747;0,0307491882431167;0,0645987325999527;0,620802254468313;0,0201885608673754;0,873034195069825;0,527110663524464;0,0705061421174562;0,041655003200818;0,0319262404997411;0,0540270032895086;0;0;0;0;0;0;0;0;0;0;0;0;0
"TCGA-DD-AAE7-01";8;21,17237071;0;0;0;0;0;0;0;0;0;0,878868448531537;0,0416893676268281;0,0459903662151302;0,39775771762017;0,0426229281080361;0,212554699226553;0,521374069194853;0,254963872079112;0,471329362450332;0,0226236546597188;0,120891663532427;0;0;0;0;0;0;0;0;0;0;0;0;0
"TCGA-DD-AAE9-01";3,266666667;23,73672617;0;0;0;0;0;0;0;0;0;0,898422264293213;0,0390573913625329;0,0501483955707358;0,209610808447247;0,0255785420560234;0,110793618871334;0,122472155680908;0,0829568271061461;0,0717734497201709;0,024041846091322;0,0534214922947984;0;0;0;0;0;0;0;0;0;0;0;0;0
"TCGA-DD-AAEA-01";5,566666667;18,90390242;0;0;0;0;0;0;1,2923;0;0;0,879752523988094;0,0313009680074981;0,0440209796400112;0,368064363592902;0,0588900480186912;0,649909889721306;0,371473452075881;0,117274256372249;0,359629561380099;0,0233458902895309;0,116175510389884;0;0;0;0;0;0;0;0;0;0;0;0;0
"TCGA-DD-AAEB-01";4,066666667;15,71489628;0;0;0;0;0;0;0;0;0;0,951308102282395;0,03157891365308;0,040945174171105;0,160680692257166;0,0353983428460854;0,133554998992349;0,539255945495911;0,0830654851315491;0,482214910804239;0,0216013532790471;0,0556371833533216;0;0;0;0;0;0;0;0;0;0;0;0;0
"TCGA-DD-AAED-01";2,033333333;25,08465661;0;0;0;0;0;0;0;0;0;0,952176315568469;0,0459628805751898;0,0758334434979485;0,786857250329168;0,029672572150911;0,179686452833937;0,252619459927445;0,0974218378618906;0,104719335271554;0,0302868291394784;0,106965902027566;0;0;0;0;0;0;0;0;0;0;0;0;0
"TCGA-DD-AAEE-01";2,433333333;26,62984515;0;0;0;0;0;0,5377;0;0;0;0,898858530103686;0,0296326886689494;0,0475534036448896;0,458145615849833;0,0273454518827129;0,355887746683153;0,457732973238476;0,480415652915847;0,0570115281303221;0,0292108615696497;0,0384034173002437;0;0;0;0;0;0;0;0;0;0;0;0;0
"TCGA-DD-AAEG-01";3,533333333;23,63809712;0;0;0;0;0;0;0;0;0,5147;0,835466929503533;0,0284308081327713;0,044421070469934;0,688392232208758;0,0302425348183658;0,726625814039721;0,367724353230047;0,0436683578328306;0,0529179235762646;0,0276949337473886;0,156129110455827;0;0;0;0;0;0;0;0;0;0;0;0;0
"TCGA-DD-AAEH-01";2,733333333;25,77506;0;0;0;0;0;0;0;0;0;0,964731107619843;0,0581560612319357;0,064509504290028;0,286646075018718;0,0712438298426656;0,362968022658389;0,500372185137742;0,20447647641269;0,195157532525531;0,0285827488159194;0,0867973745513304;0;0;0;0;0;0;0;0;0;0;0;0;0
"TCGA-DD-AAEI-01";3,8;50,33369497;0;0;0;0;0;0;0;0;0;0,944468308539563;0,046624012817456;0,0365918272067069;0,306871547324562;0,0597267127003212;0,198673987126626;0,67781893243179;0,440820417633972;0,0908223942342595;0,0218975516660699;0,423626753118227;0;0;0;0;0;0;0;0;0;0;0;0;0
"TCGA-DD-AAEK-01";2,633333333;35,07906763;0;0;0;0;0;0;0;0;0;0,922226465126299;0,0309652282846473;0,0451503459812354;0,500119947980704;0,0230607601987114;0,292177553716585;0,0462625336323522;0,0732980700625779;0,217776806134892;0,0229618550944265;0,103781402790245;0;0;0;0;0;0;0;0;0;0;0;0;0
"TCGA-DD-AAVP-01";2,433333333;90,47572081;0;0;0;0;0;0;0;0;0;0,914532889869267;0,0216251644858532;0,0755510558215184;0,729186424938744;0,0298908754919179;0,268642369650341;0,401839656817485;0,0656618016936708;0,095523461620889;0,0305308323998723;0,313451144167172;0;0;0;0;0;0;0;0;0;0;0;0;0
"TCGA-DD-AAVQ-01";1,733333333;89,68668837;0;0;0;0;0;0;0;0;0;0,935155255461592;0,0362058791559188;0,0551058937036663;0,749542088423591;0,0340877887961516;0,325461189604018;0,219275589924484;0,092358037533925;0,174266474176568;0,0203274318291847;0,170449394609708;0;0;0;0;0;0;0;0;0;0;0;0;0
"TCGA-DD-AAVR-01";1,966666667;82,61827268;0;0;0;0;0;0;0;0;0;0,889824361615937;0,195709957996389;0,0528616667257537;0,711970106516701;0,0275343647086543;0,506729065273489;0,356233993974724;0,0872322643931969;0,0954357039999926;0,0355854365419167;0,0816433526200794;0;0;0;0;0;0;0;0;0;0;0;0;0
"TCGA-DD-AAVS-01";1,6;59,93358977;0;0;0;0;0;0,4647;0,9294;0,4647;0;0,941939003307666;0,0382255177976131;0,0484316441780763;0,743071660824567;0,0243427781104601;0,433862470685909;0,329117084638453;0,122344521135352;0,0744330261475849;0,0187577076595589;0,122474660418669;0;0;0;0;0;0;0;0;0;0;0;0;0
"TCGA-DD-AAVU-01";1,833333333;72,39372719;0;0;0;0;0;0;0;0;0;0,875362263461858;0,0317722030668088;0,0427860820800062;0,472554086710282;0,0339445639288823;0,464423553903368;0,296061131215862;0,111133163681569;0,446538541032672;0,030893293470953;0,0493873034163884;0;0;0;0;0;0;0;0;0;0;0;0;0
"TCGA-DD-AAVV-01";4,3;80,71144426;0;0;0;0;0;0;0;0;0;0,923583144133243;0,0391070088176195;0,0716093421844155;0,571199262811252;0,0317061988420762;0,311185956296846;0,176023412612515;0,0791281725910418;0,139285753279822;0,0243648200704322;0,109875272476444;0;0;0;0;0;0;0;0;0;0;0;0;0
"TCGA-DD-AAVW-01";1,2;76,17450768;0;0;0;0;0;0;0;0;0;0,856407120512224;0,0493556630494267;0,0378023198935417;0,645860426047731;0,0215516946121235;0,409317423567586;0,146176134343902;0,0667241705603721;0,290392908826291;0,0215665580790972;0,092064502916727;0;0;0;0;0;0;0;0;0;0;0;0;0
"TCGA-DD-AAVX-01";2,133333333;56,48157281;0;0;0;0;0;0;0;0;0;0,918121043931601;0,0589483931119274;0,0636990504633968;0,534799389312893;0,0312129614456497;0,5256233040879;0,374857868271458;0,496088505427935;0,559518305075463;0,0207779900035607;0,0735454073020195;0;0;0;0;0;0;0;0;0;0;0;0;0
"TCGA-DD-AAVY-01";2,8;64,76641352;0;0;0;0;0;0;1,0203;0;0;0,913179564955183;0,0423049745376921;0,0483098585093101;0,522269234534969;0,0428509987480308;0,0558561311175259;0,320716588432587;0,371145507361652;0,0379316566248283;0,0548129866817199;0,0382954263084082;0;0;0;0;0;0;0;0;0;0;0;0;0
"TCGA-DD-AAVZ-01";1,233333333;62,46506888;0;0;0;0;0;0;0;0;0;0,953986959207924;0,0355839584157471;0,0488477399705459;0,785629877027444;0,0392615185019278;0,503101376429924;0,370737002468179;0,0921083540739375;0,0517264062171231;0,0233482217963347;0,159681084347587;0;0;0;0;0;0;0;0;0;0;0;0;0
"TCGA-DD-AAW0-01";2,966666667;66,24584936;0;0;0;0;0;0;0;0;0;0,853395370656932;0,0324372532005006;0,0386816422521634;0,69371564595575;0,0259070695004425;0,591221396477598;0,157266374285102;0,0643022832705041;0,160271620203004;0,022667096660536;0,0786286204239566;0;0;0;0;0;0;0;0;0;0;0;0;0
"TCGA-DD-AAW1-01";3,466666667;65,39106421;0;0;0;0;0;0;0;0;0;0,866840361113365;0,0329449745114972;0,063556840046135;0,691498622275523;0,0197223437305087;0,477644712640171;0,172204778464227;0,664177693984664;0,452064329157051;0,0173373923180661;0,0795342293076573;0;0;0;0;0;0;0;0;0;0;0;0;0
"TCGA-DD-AAW2-01";3,8;60,98563303;0;0;0;0;0;0;0;0;0;0,94334129498204;0,0376009048218845;0,0585710581448269;0,610885873276617;0,0218635193947808;0,150622295358583;0,749780112300909;0,187934715737247;0,489447491150933;0,0250905784599333;0,103121764434191;0;0;0;0;0;0;0;0;0;0;0;0;0
"TCGA-DD-AAW3-01";2,933333333;53,68708288;0;0;0;0;0;0;0;0;0;0,962527658048618;0,0487914879057266;0,102101915587367;0,289555692130833;0,0435549747165838;0,0921086953813588;0,547060798452132;0,102612342517253;0,0448195920997556;0,0247090911338347;0,0465961264802708;0;0;0;0;0;0;0;0;0;0;0;0;0
"TCGA-ED-A459-01";7,333333333;29,91748036;0;0;0;0;0;0;0;0;0;0,890385445123189;0,0398599938647075;0,0297022995610085;0,495800427999219;0,0309098130167617;0,485772587612;0,0426436536250564;0,0383916793001182;0,03207799249336;0,0208336026124323;0,217056807709446;0;0;0;0;0;0;0;0;0;0;0;0;0
"TCGA-ED-A4XI-01";4,666666667;26,92573232;0;0;0;0;0;0;0;0;0;0,879573945019815;0,0366891716080824;0,0471937513207965;0,742016289974122;0,0394855404280283;0,518410148769013;0,391041303335852;0,0758317937813285;0,202374069166398;0,0278684591636442;0,115993854169622;0;0;0;0;0;0;0;0;0;0;0;0;0
"TCGA-ED-A5KG-01";0,533333333;28,07640464;0;0;0;0;0;0;0;0;0;0,903294378671422;0,0273304928153894;0,0329872131393631;0,755640444899611;0,0295490762210992;0,527519351931476;0,248983136667968;0,0575913812804305;0,232082781744174;0,02867356907344;0,201094900146024;0;0;0;0;0;0;0;0;0;0;0;0;0
"TCGA-ED-A627-01";0,066666667;13,90669691;0;0;0;0;0;0;0;0;0;0,838375573910197;0,0240716271974451;0,0296550792921964;0,681098357275468;0,0269548053780229;0,380879559708231;0,179766316013945;0,0734246693421053;0,246501278157794;0,0279582221525671;0,165417037705502;0;0;0;0;0;0;0;0;0;0;0;0;0
"TCGA-ED-A66X-01";1,5;13,34779893;0;0;0;0;0;0,4931;0;0;0;0,83784111700069;0,399332939759699;0,0350884663514992;0,627945826576619;0,0288297855070122;0,366688863623048;0,394312511955075;0,0431039030889947;0,108275272570296;0,0221037362612911;0,125494005843304;0;0;0;0;0;0;0;0;0;0;0;0;0
"TCGA-ED-A66Y-01";3;9,731400204;1;0;0;0;0;0;0;0;0;0,901154394086658;0,0238124280681123;0,046948821635111;0,768284157986222;0,0351808568024274;0,845470821117522;0,523936592808518;0,0424663510362269;0,0289353218184795;0,0189458488995661;0,0706176962662702;0;0;0;0;0;0;0;0;0;0;0;0;0
"TCGA-ED-A7PY-01";0,966666667;12,8217773;0;0;0;0;0;0;0;0;0;0,872282713222965;0,0257888238513319;0,0355502002734334;0,792397500332992;0,0320785189008141;0,776609244488821;0,765611056989402;0,0433067815172713;0,0302357845688425;0,0266815874329751;0,157050014292304;0;0;0;0;0;0;0;0;0;0;0;0;0
"TCGA-ED-A7XO-01";1,9;14,03820232;0;0;0;0;0;0,8398;0;0,8398;0;0,894991822333974;0,0391919754338684;0,0469852116452485;0,369056197488367;0,0222703713842618;0,29044826599703;0,236930452161272;0,0575119779492812;0,101426914565798;0,0252832407730262;0,109174105301356;0;0;0;0;0;0;0;0;0;0;0;0;0
"TCGA-ED-A7XP-01";2;13,15054082;0;0;0;0;0;0;0;0;0;0,845215861584449;0,0233056028424223;0,0322926075432256;0,662517473333688;0,0249812450875735;0,475887425479178;0,64235782680279;0,0325458694866283;0,0713373378744933;0,018113279290063;0,044966224368421;0;0;0;0;0;0;0;0;0;0;0;0;0
"TCGA-ED-A82E-01";0,933333333;13,41355163;0;0;0,4002;0;0;0;0;0;0;0,89642226445516;0,0262764798572994;0,0412479103210037;0,786724692982087;0,53436052898514;0,619320192014356;0,0436743389690552;0,223841709389485;0,379623917062769;0,0139288526783847;0,073933434906714;0;0;0;0;0;0;0;0;0;0;0;0;0
"TCGA-ED-A8O5-01";3,7;13,34779893;0;0;0;0;0;0;0;0,5405;0;0,938997733132976;0,067220393139196;0,0547931238301746;0,752181734566957;0,039504998276947;0,555673608117402;0,108293949189409;0,0702914858206475;0,05281460476327;0,0288191830583012;0,358294211450183;0;0;0;0;0;0;0;0;0;0;0;0;0
"TCGA-ED-A8O6-01";2,1;1,841075714;1;0;0,5845;0;0;0;3,5072;0;0;0,766616490087102;0,0408805645488111;0,0534775840037479;0,693623993337538;0,0287610411146281;0,690694343341028;0,0569518797535665;0,0604936263346803;0,0654526131861937;0,0243376430871163;0,0449655001276603;0;0;0;0;0;0;0;0;0;0;0;0;0
"TCGA-EP-A12J-01";1,7;18,73952066;0;0;0;0;0,5673;0;0,5673;0;0;0,91780341886272;0,0314821016957178;0,0315965864299464;0,864998732077909;0,407897733420886;0,233745678689614;0,502393375223191;0,50191152901437;0,0874182723983126;0,0288720161507257;0,679094424270416;0;0;0;0;0;0;0;0;0;0;0;0;0
"TCGA-EP-A26S-01";5,766666667;19,98882204;0;0;0;0;0,8808;0;0;0;0;0,953415793893493;0,0388188921758305;0,0664705778402973;0,417056109789484;0,0250316227008276;0,141628476064564;0,536972676526751;0,656578782522399;0,0635960335390418;0,0328014557179621;0,0970000139722861;0;0;0;0;0;0;0;0;0;0;0;0;0
"TCGA-EP-A2KA-01";3,466666667;20,61347273;1;0;0;0;0;0;0;0;0;0,912774982334161;0,0381850260496042;0,0347677708704466;0,503846095018288;0,0444491730564534;0,349903831137947;0,589094028284208;0,626653173682299;0,125181060827334;0,0418263421248491;0,0904535759289169;0;0;0;0;0;0;0;0;0;0;0;0;0
"TCGA-EP-A2KB-01";2,566666667;19,59430582;1;0;0;0;0;0;0;0;0;0,945695235263933;0,0924288906247075;0,0582367466420597;0,689484656694922;0,15358416416194;0,282015619839928;0,109282210974254;0,17869292928853;0,526229961249168;0,0283535333783474;0,0621274160833625;0;0;0;0;0;0;0;0;0;0;0;0;0
"TCGA-EP-A2KC-01";2,633333333;0,624650689;1;0;0;0,5353;0;1,0707;0;0;0;0,888880083229527;0,0346755272084337;0,0523157806838899;0,253238473208527;0,0294671208715382;0,145775194281797;0,100568967341459;0,186211834118621;0,279264452528515;0,0220271662558034;0,0622262559068808;0;0;0;0;0;0;0;0;0;0;0;0;0
"TCGA-EP-A3JL-01";2,866666667;9,961534668;0;0;0;0;0,7541;0;0;0;0;0,918499547829168;0,0462517937708505;0,0442308160438778;0,527920971394707;0,0271617631814505;0,223310648580489;0,0626088812480621;0,423089133295077;0,152590128484857;0,0275230626757892;0,0969333141084902;0;0;0;0;0;0;0;0;0;0;0;0;0
"TCGA-EP-A3RK-01";3,466666667;11,93411579;0;0;0;0;0;0;0;0;0;0,915347997219668;0,028131927848972;0,0312243357212964;0,381640623738991;0,0632437245882756;0,329687816995224;0,470082965699;0,495293733580959;0,506365919265535;0,0352732600875361;0,156830205207229;0;0;0;0;0;0;0;0;0;0;0;0;0
"TCGA-ES-A2HS-01";2,2;22,6189302;1;0;0;0;0;0;0;0;0;0,914577349627143;0,0237741138296533;0,564384353715752;0,35312873434949;0,0341388581373909;0,0759596630165069;0,686031045542425;0,146274706780666;0,163372523644541;0,0223017377908042;0,0412125320745107;0;0;0;0;0;0;0;0;0;0;0;0;0
"TCGA-ES-A2HT-01";2,266666667;14,39984219;1;0;0;0;0;0;0;0;0;0,820134004105848;0,0437303049297975;0,0383018294319968;0,700717689917888;0,0274686046395216;0,474264515260415;0,125613996030676;0,100952511356819;0,448190775415927;0,0318668424956242;0,0678608285666971;0;0;0;0;0;0;0;0;0;0;0;0;0
"TCGA-FV-A23B-01";3,6;60,88700398;1;0;0;0;0;0;0;0;0;0,871005120372308;0,0390871831946494;0,025755736597482;0,60837179953823;0,0248838621933533;0,337888290505285;0,697291997040187;0,453170797402468;0,0878635542612409;0,0161064422057328;0,0469881474635524;0;0;0;0;0;0;0;0;0;0;0;0;0
"TCGA-FV-A2QQ-01";3,9;23,96686064;0;0;0;0;0;0;0;0;0;0,88687830616432;0,0327914272271936;0,0259351487948931;0,613850670093854;0,0250832787557119;0,473923937300265;0,38920990143848;0,375860343483262;0,13725604303372;0,0237977031923801;0,12258884816758;0;0;0;0;0;0;0;0;0;0;0;0;0
"TCGA-FV-A2QR-01";3,533333333;19,10116054;1;0;0;0,5958;0;0;0;0;0;0,839448903037879;0,0268016369604417;0,0454705425106017;0,177569491915284;0,0254231271500777;0,104885409235654;0,245470088658728;0,453440645008525;0,0557472232147751;0,026614713696294;0,0516058421347267;0;0;0;0;0;0;0;0;0;0;0;0;0
"TCGA-FV-A3I0-01";2,6;27,87914653;0;0;0;0;0;0;0;0;0;0,925445904101066;0,0480779576880521;0,0407927345553512;0,736084479901519;0,0314954253485151;0,504604183608366;0,678523214769391;0,0783137117917472;0,0435901278537351;0,0265352946618988;0,0682158951652227;0;0;0;0;0;0;0;0;0;0;0;0;0
"TCGA-FV-A3I1-01";4,633333333;8,120458954;1;0;0;0,5422;0;1,0844;0;0;0;0,900915992773846;0,591560468619546;0,0319449929670063;0,500700026918439;0,0372955660972394;0,454831330868152;0,437605921651828;0,42329214103188;0,219997649130153;0,0240809901534549;0,149795048630357;0;0;0;0;0;0;0;0;0;0;0;0;0
"TCGA-FV-A3R2-01";2,433333333;6,378012296;1;0;0;0;0;0;0;0;0;0,906602215578329;0,0436796193329655;0,0355236086671267;0,559151193649014;0,066959775659332;0,783091915072063;0,303696618228079;0,0716314676286889;0,109438423556308;0,0210629082801851;0,0767096396420357;0;0;0;0;1;0;0;0;0;0;0;0;0
"TCGA-FV-A3R3-01";1,766666667;12,03274485;1;0;0;0;0;1,1456;0;0;0;0,834993937637568;0,0409593766238256;0,0415593817657243;0,70230922684331;0,0344719248685284;0,522273797240524;0,143593211291563;0,0883522545857297;0,123110453474157;0,030815609125154;0,0905359829113511;0;0;0;0;0;0;0;0;0;0;0;0;0
"TCGA-FV-A4ZP-01";2,966666667;81,73061117;1;0;0;0;0;0;0;0;0;0,874771518331994;0,0281752948016176;0,0533171242404197;0,533055144294295;0,123360698492626;0,193802309433226;0,257279699432367;0,386374422582823;0,464371247446468;0,0275698389666342;0,128499394743649;0;0;0;0;0;0;0;0;0;0;0;0;0
"TCGA-G3-A25S-01";4,6;13,67656245;1;0;0;1,1773;0;0;0;0;0;0,774240456043058;0,0965796870087639;0,0359040948124216;0,212345049941116;0,0259741693375692;0,189516983926749;0,149760919103057;0,0921060781521496;0,0825509546372676;0,018631408860031;0,0550335509510708;0;0;0;0;0;0;0;1;0;0;0;0;0
"TCGA-G3-A25T-01";2,233333333;51,05697472;0;0;0;0;0;0;0;0;0,4337;0,936253408577541;0,0298952837464604;0,0331062263503969;0,792016293713574;0,026895363603674;0,550163030908078;0,687044827996115;0,0810291506681004;0,314266070364244;0,0290787524648857;0,292349985588411;0;0;0;0;0;0;0;0;0;0;0;0;0
"TCGA-G3-A25U-01";3,133333333;53,78571194;0;0;0;0;0;0;0;0;0;0,917333280990878;0,0315504759500148;0,0541334309959221;0,312661159653017;0,0296093663891782;0,0857875459585332;0,503561660544042;0,789696130554826;0,464554242726558;0,0169726886993673;0,422888894874128;0;0;0;0;0;0;0;0;0;0;0;0;0
"TCGA-G3-A25V-01";2,433333333;28,27366275;0;0;0;0;0;0;0;0;0;0,825018686469444;0,0283338729231871;0,0319527194429768;0,528724606145421;0,0303647565808579;0,344529926065187;0,297580735044887;0,145582243406001;0,217238346337526;0,0278213166949341;0,141877139265366;0;0;0;0;0;0;0;0;0;0;0;0;0
"TCGA-G3-A25Y-01";3,166666667;14,86011112;1;0;0;0;0;0;0;0;0;0,891609561456991;0,0421551255183769;0,0338202099186428;0,772633503674565;0,0321763850424417;0,680729593939731;0,419363213580316;0,128941189767623;0,110042447469365;0,0489480701304221;0,1292764203911;0;0;0;0;0;0;0;0;0;0;0;0;0
"TCGA-G3-A25Z-01";2,9;21,53401059;0;0;0;0;0;0;0;0;0;0,935287620774267;0,0300090391018331;0,0427283063909915;0,313365803606911;0,114196487062922;0,162016685663329;0,0795029246391007;0,591629711863983;0,662615235151766;0,0222340780236252;0,152957652198808;0;0;0;0;0;0;0;0;0;0;0;0;0
"TCGA-G3-A3CH-01";1,233333333;25,64355459;0;0;0;0;0;0;0;0;0;0,907674190225378;0,0348056323494109;0,0407748738609392;0,78865370926479;0,270085087789457;0,504495016645586;0,450802677434457;0,0801042032573022;0,419587763758506;0,0248850566058725;0,156312381195358;0;0;0;0;0;0;0;0;0;0;0;0;0
"TCGA-G3-A3CI-01";0,566666667;5,917743367;0;0;0;0;0;0;0;0;0;0,770815358064234;0,0418213755583009;0,0402734909754218;0,677023771751315;0,0322910105573324;0,275804996932188;0,103698651730396;0,0834773530432138;0,112631351968397;0,034798384383855;0,091866779247533;0;0;0;0;0;0;0;0;0;0;0;0;0
"TCGA-G3-A3CK-01";6,9;19,23266594;0;0;0;0,4395;0;0;0,4395;0;0;0,905763598813714;0,0393444818653055;0,0317197647576314;0,437859068611441;0,0519516717054137;0,427409341186995;0,330315366211048;0,288238493928115;0,24422730191966;0,0319788626584379;0,10034084547076;0;0;0;0;0;0;0;0;0;0;0;0;0
"TCGA-G3-A5SI-01";1,166666667;25,24903837;1;0;0;0;0;0;0;0;0;0,891909032007686;0,052145965943756;0,0877124101199054;0,596530016983526;0,142489876043035;0,0972274700557471;0,0615630387083715;0,140936452317832;0,0837063620061329;0,0332952339052406;0,0920673922516852;0;0;0;0;0;0;0;0;0;0;0;0;0
"TCGA-G3-A5SJ-01";3,266666667;22,94769372;0;0;0;0,6293;0;0;0;0;0;0,906954675481257;0,0291914184242653;0,0507208912098884;0,448567578413887;0,0356117974790682;0,298070422525459;0,0653928180028299;0,0426633850683227;0,170540887811099;0,0262418505538911;0,0605754823504101;0;0;0;0;0;0;0;0;0;0;0;0;0
"TCGA-G3-A5SK-01";2,966666667;24,46000592;0;0;0;0;0;0;0;0;0;0,894159262606828;0,165427763913963;0,0471446020176205;0,335078393281765;0,0406576941634954;0,213534123149508;0,0522852398169658;0,211293409449617;0,152288540589984;0,0275246183064298;0,111687716882991;0;0;0;0;0;0;0;0;0;0;0;0;0
"TCGA-G3-A5SL-01";4,2;20,41621462;0;0;0;0;0;0;0,5615;0;0;0,896569047431851;0,0426489734166391;0,0528372669719531;0,662023044211483;0,0663728077088104;0,55554572712563;0,483065857834217;0,410229335465541;0,0778680609484334;0,0220033591440114;0,32401033776624;0;0;0;0;0;0;0;0;0;0;0;0;0
"TCGA-G3-A5SM-01";3,733333333;17,09570306;0;0;0;0;0;0;0;0;0;0,879424620696066;0,0277968099492215;0,0441158442583513;0,409835391017784;0,0337811704951287;0,153878069719086;0,0550749047691202;0,376086458719272;0,0502804962229511;0,0192334706084434;0,149816182512141;0;0;0;0;0;0;0;0;0;0;0;0;0
"TCGA-G3-A6UC-01";3,8;22,06003222;0;0;0;0;0;0,6102;0,6102;0;0;0,790642629291407;0,0362683314237316;0,0306468919982239;0,146215796358208;0,0303208590046095;0,0906556202495333;0,0624214739440705;0,092749071683453;0,0482839557248565;0,0255340761409127;0,0436979100666252;0;0;0;0;0;0;0;0;0;0;0;0;0
"TCGA-G3-A7M5-01";5,566666667;14,69572936;0;0;0;0;0;0;0;0;0;0,775410829206489;0,035524157685158;0,0432583288797769;0,24124818978126;0,0339400706797432;0,122567683953181;0,281813969275813;0,0691876876524767;0,0518038960034499;0,0263886556538879;0,044162015507302;0;0;0;0;0;0;0;0;0;0;0;0;0
"TCGA-G3-A7M6-01";2,8;20,77785449;0;0;0;0,3973;0;0;0;0;0;0,856907366909562;0,0233022054773976;0,0344878009862782;0,457594757790671;0,0799528287099442;0,335420360668187;0,07170384412312;0,277689424919157;0,549213008852372;0,0219414821492868;0,0727782985591719;0;0;0;0;0;0;0;0;0;0;0;0;0
"TCGA-G3-A7M7-01";2,233333333;11,86836309;0;0;0;0;0;0,7814;0;0;0;0,903084626558767;0,0233575883972841;0,0364725358878122;0,757031410950891;0,221392250966726;0,481571043490863;0,559533891800042;0,357860995920639;0,06835359483423;0,0223680209276433;0,0388742861942392;0;0;0;0;0;0;0;0;0;0;0;0;0
"TCGA-G3-A7M8-01";0,766666667;14,13683138;0;0;0;0;0;0,7622;0;0;0;0,881512899620701;0,0275194425302237;0,0376024448419898;0,602695687247641;0,0250015800197749;0,393068243014828;0,154846357057236;0,119319882811717;0,0454514315163638;0,0213921310130192;0,0731621637303297;0;0;0;0;0;0;0;0;0;0;0;0;0
"TCGA-G3-A7M9-01";4,133333333;1,841075714;1;0,3922;0;0;0;0;0,7844;0;0,7844;0,692497817919126;0,0301168978425867;0,0426340923496027;0,440229547508368;0,209150946638536;0,353386415340249;0,0504661530600755;0,472030944387144;0,0899027441022691;0,0221113094186289;0,0538507223878577;0;0;0;0;0;0;0;0;0;0;0;0;0
"TCGA-G3-AAUZ-01";2,733333333;15,78064898;0;0;0;0;0;0;0;0;0;0,82655325004895;0,0321303461316429;0,061147949448946;0,366181007144693;0,0340230643887168;0,186644185787827;0,218672407137117;0,339767403617673;0,097009777896937;0,0303179617098998;0,231616045498354;0;0;0;0;0;0;0;0;0;0;0;0;0
"TCGA-G3-AAV0-01";5,466666667;15,64914357;0;0;1,0033;0;0;0;0;0;1,0033;0,921419980562877;0,034124820082372;0,0758229676849447;0,155185632288192;0,032143184867218;0,131809616001932;0,0557097517836183;0,617899237531883;0,250671482422496;0,035688679496355;0,0762629296488236;0;0;0;0;0;0;0;0;0;0;0;0;0
"TCGA-G3-AAV1-01";1,7;11,80261038;1;0;0;0;0,5373;0;0;0;0;0,899843420604419;0,0294587028447069;0,0346635677277559;0,417348774717079;0,0212459643856549;0,341434172273445;0,0732214258152618;0,409108122240693;0,0371470738374843;0,0703146855067287;0,0386356966031607;0;0;0;0;0;0;0;0;0;0;0;0;0
"TCGA-G3-AAV2-01";1,533333333;12,23000296;0;0;0;0;0;0;0;0;0;0,925119214109418;0,0363677983293977;0,0674226006083485;0,484671674287559;0,0334285202839814;0,715465835873332;0,720258241859825;0,0891464850128029;0,0510647178112459;0,0248705660063594;0,39337516990888;0;0;0;0;0;0;0;0;0;0;0;0;0
"TCGA-G3-AAV3-01";2,8;13,54505704;0;0;0;0;0,6443;0;0;0;0;0,891917789193789;0,0335767447695001;0,042175886959959;0,533983865701515;0,0363983064723765;0,490446703835296;0,389878031822615;0,275646584411164;0,247742104088881;0,0289712554594234;0,29861279513259;0;0;0;0;0;0;0;0;0;0;0;0;0
"TCGA-G3-AAV4-01";3,533333333;0,887661505;1;0;0;0;0;0,5977;0;0;0;0,925382735205646;0,0304740108200998;0,0501492806925611;0,753949782441056;0,0885085578345128;0,567516263560019;0,821945651107818;0,36741757269304;0,0274578985533762;0,0611876713873635;0,182893657461093;0;0;0;0;0;0;1;0;0;0;0;0;0
"TCGA-G3-AAV5-01";2,566666667;11,63822862;0;0;0;0;0;0;0;0;0;0,956868444995244;0,0330148115541187;0,0386480854236884;0,725901302322479;0,0257957222344565;0,438697399023284;0,500467945730957;0,335187524364266;0,233376207662606;0,0426972198861036;0,0559901547232603;0;0;0;0;0;0;0;0;0;0;0;0;0
"TCGA-G3-AAV6-01";2,2;2,136962883;1;0;1,1765;0;0;0;0;0;0;0,879385590374044;0,0609625867588629;0,0419059741698408;0,589010259753737;0,0255272289663334;0,505096327614154;0,268745904211265;0,0519292516124502;0,0741769784314265;0,0330154274427392;0,0330603091095981;0;0;0;0;0;0;0;0;0;0;0;0;0
"TCGA-G3-AAV7-01";2,566666667;11,86836309;0;0;0;0;0;0;0;0;0;0,825538604864874;0,0297359500257107;0,0351181713329517;0,689422126487308;0,024284467430304;0,218089042267932;0,0569320572944323;0,0535202940882662;0,110240450559605;0,0874761353384811;0,142804569403805;0;0;0;0;0;0;0;0;0;0;0;0;0
"TCGA-GJ-A3OU-01";1,9;28,89831344;0;0;0;0;0;0;0;0;0,6903;0,900365192681575;0,0252147620484027;0,0739913082784315;0,699806208659463;0,0276982656278298;0,510769451166486;0,233623084260046;0,268469502017287;0,412061199059664;0,0496169851147176;0,173588973226075;0;0;0;0;0;0;0;0;0;0;0;0;0
"TCGA-GJ-A6C0-01";4,5;1,019166913;1;0;0;0,5408;0;0;0;0;0;0,727335944411938;0,0285094219281147;0,0765120952042763;0,37191373132386;0,150946131944866;0,214457519755828;0,071407725655124;0,045044350597584;0,0578424775186161;0,0199889402427485;0,0380272705430779;0;0;0;0;0;0;0;0;0;0;0;0;0
"TCGA-GJ-A9DB-01";2,533333333;2,202715587;1;0;0,6035;0;0;0;0;0;0;0,910621706143723;0,0254550004655312;0,0351313964936924;0,322298148453581;0,0271728007890988;0,178910058895105;0,478807590701074;0,373986603667965;0,187708355953603;0,0222942211122977;0,100487645025322;0;0;0;0;0;0;0;0;0;0;0;0;0
"TCGA-HP-A5MZ-01";1,533333333;2,991748036;1;0;0;0;0;0;0;0;0,6398;0,878821675373344;0,0898300462847767;0,0300185365512344;0,591452304245463;0,0248578522032674;0,428392668437454;0,273468874113089;0,356995899379493;0,37499476607737;0,0237696833935878;0,205348748924678;0;0;0;0;0;0;0;0;0;0;0;0;0
"TCGA-HP-A5N0-01";4,3;37,70917579;1;0;0;0;0;0;0;0;0;0,799489311113958;0,0399427787544274;0,0365179181579661;0,339683431703513;0,018895215356471;0,232317888599156;0,0870797204218258;0,0790205793214923;0,0942686934217914;0,0258217990783135;0,0357882052980253;0;0;0;0;0;0;0;0;0;0;0;0;0
"TCGA-K7-A5RF-01";3,466666667;20,74497814;0;0;0;0;0;0;0;0;0;0,90294888334882;0,0247983327773074;0,0303757822566606;0,604552868605622;0,0668095094377921;0,326874600588876;0,241340388602095;0,150761646142513;0,254944942659563;0,0204340355591131;0,147077074449812;0;0;0;0;0;0;0;0;0;0;0;0;0
"TCGA-K7-A5RG-01";8,266666667;17,06282671;0;0;0;0;0;0,6676;0;0;0;0,841635028180024;0,0318412898881419;0,0329289944952032;0,51488425562708;0,0204159626044584;0,425366997003524;0,110695434910507;0,0610442069322203;0,297427076542303;0,0246321861325859;0,225284958833285;0;0;0;0;0;0;0;0;0;0;0;0;0
"TCGA-K7-A6G5-01";2,466666667;16,83269224;0;0;0;0;0;0;0;0;0;0,865305588258855;0,0250586251060355;0,0319558485805522;0,394615321158728;0,0227710084782191;0,199319008604008;0,0871414523854651;0,0896173529870975;0,068741940138627;0,0180814315980301;0,0347335331630101;0;0;0;0;0;0;0;0;0;0;0;0;0
"TCGA-K7-AAU7-01";2,166666667;11,80261038;0;0;0;0;0;0;0;0;0;0,873547711238803;0,0278348338044151;0,035037281382934;0,658496759588803;0,0921889647579464;0,408957853018189;0,1700142493957;0,205944199323498;0,0457436107945082;0,0714582743210836;0,0526662777814513;0;0;0;0;0;0;0;0;0;0;0;0;0
"TCGA-KR-A7K0-01";2,8;2,136962883;1;0;0;0;0;0;0,6955;0;0;0,879577359747473;0,025474854015387;0,025530094921177;0,484523540500663;0,0343243059245171;0,381687734576472;0,0577577190670384;0,371800117151361;0,104945574257574;0,0208215095514411;0,074335252665379;0;0;0;0;0;0;0;0;0;0;0;0;0
"TCGA-KR-A7K2-01";1,5;27,25449584;0;0;0;0;0;0;0;0;0;0,868355160599737;0,0222367817192652;0,0573044577520491;0,742657579361591;0,0356628370696976;0,641874552810199;0,340138670609966;0,263750807293391;0,0477728168416526;0,0275514429707659;0,199569415607118;0;0;0;0;0;0;0;0;0;0;0;0;0
"TCGA-KR-A7K7-01";2,066666667;31,26541079;0;0;0;0;0;0;0;0,6925;0;0,874122759322015;0,0416977850506599;0,0512839060823422;0,476385735920934;0,104631985149879;0,703072502293619;0,370826344994515;0,0349654157925429;0,0494952832601754;0,0233812140535911;0,0906974977939746;0;0;0;0;0;0;0;0;0;0;0;0;0
"TCGA-KR-A7K8-01";1,666666667;29,78597495;0;0;0;0;0;0;0;0;0;0,887959501853843;0,0346592702548163;0,0412321178207757;0,520158095209708;0,0249780757461981;0,32690626223882;0,351740951703678;0,304706845290419;0,220824133537686;0,0176777591141679;0,135690914562331;0;0;0;0;0;0;0;0;0;0;0;0;0
"TCGA-LG-A6GG-01";11,93333333;12,72314824;0;0;0;0;0;0;0;0;0;0,816851982843715;0,128259236640412;0,0273811262195027;0,317378872682902;0,029242283277635;0,119055188115662;0,510155363596129;0,0812677647637974;0,0435225142012294;0,0206107893024205;0,0326129138235181;0;0;0;0;0;0;0;0;0;0;0;0;0
"TCGA-LG-A9QC-01";1,466666667;13,97244962;0;0;0;0;0;0;0;0;0;0,880130454666758;0,0384065913746792;0,0499615017919495;0,738274287348526;0,0404280346371485;0,408262037459636;0,13395907108805;0,170984041281404;0,0705679603395092;0,0316629213240641;0,248205775423527;0;0;0;0;0;0;0;0;0;0;0;0;0
"TCGA-LG-A9QD-01";3,3;12,03274485;0;0;0;0;0;0;0;0;0;0,887880769301235;0,0319289215110929;0,0437995797778712;0,721221044739171;0,0242070384843927;0,469357249562212;0,361607374280998;0,112637730984844;0,136467334693371;0,0605285005196316;0,0961423113062782;0;0;0;0;0;0;0;0;0;0;0;0;0
"TCGA-MI-A75C-01";3,6;9,567018444;0;0;0;0;0;0;0;0;0;0,841704725712803;0,0992360660422603;0,0314691096830499;0,757767178958764;0,225655723098843;0,726900638061332;0,478684422222597;0,387517816392278;0,0838851283041031;0,0267688047783972;0,108513331029164;0;0;0;0;0;0;0;0;0;0;0;0;0
"TCGA-MI-A75E-01";3,933333333;16,66831048;0;0;0;0;0;0;0;0;0;0,830780379902312;0,0298254107745285;0,0425111235322569;0,425937098796121;0,0350891520329515;0,275218950845551;0,430256216257575;0,298444069301051;0,158756467480832;0,0250993915102624;0,257164071485375;0;0;0;0;0;0;0;0;0;0;0;0;0
"TCGA-MI-A75G-01";7,6;22,94769372;0;0;0;0;0;0;0;0;0;0,835274892058294;0,0282396904580931;0,04878337152764;0,262591331940033;0,0324499939468879;0,146390660352842;0,287177767502347;0,34506695382936;0,224950476912686;0,0231857397282542;0,310777156761344;0;0;0;0;0;0;0;0;0;0;0;0;0
"TCGA-MI-A75H-01";4,066666667;24,55863497;0;0;0;0;0;0;0;0;0;0,85526508638173;0,0330795111423272;0,0409662643323116;0,333664067700337;0,0311648565452824;0,169529147161831;0,357184945577171;0,555793220066443;0,262779454859605;0,0258890889403998;0,0872261323554209;0;0;0;0;0;0;0;0;0;0;0;0;0
"TCGA-MI-A75I-01";5,266666667;20,71210179;0;0;0;0;0;0;0;0;0;0,700703600621229;0,0380956243892419;0,0361282665649636;0,316726674220958;0,0247932152453004;0,194934062399614;0,478011367963757;0,0510380852574644;0,108112071833025;0,0249697780862666;0,0393972941962324;0;0;0;0;0;0;0;0;0;0;0;0;0
"TCGA-MR-A520-01";0,566666667;7,528684617;0;0;0;0;0;0;0;0;0;0,871776567994294;0,0242472520329507;0,0522859122402515;0,66954787821135;0,0301214766498897;0,206894751596537;0,370968079242824;0,0745738798000627;0,101302071185714;0,0200599757256825;0,154445518826862;0;0;0;0;0;0;0;0;0;0;0;0;0
"TCGA-MR-A8JO-01";1,1;10,84919617;0;0;0;0;0;0;0;0;0,7587;0,81910960700666;0,0336995031341139;0,0407620407640647;0,539861402432256;0,0300618789017304;0,40008900413468;0,0900405881176224;0,0986380174040719;0,100903883346238;0,0261048736907375;0,0839163677487103;0;0;0;0;0;0;0;0;0;0;0;0;0
"TCGA-NI-A4U2-01";7,3;58,8815465;1;0;0;0;0;1,51;0;0;0;0,785848869282496;0,0284776375281382;0,0394338676114317;0,263706048765021;0,0403461923283136;0,139232740987407;0,39656538593472;0,3814193361211;0,0482488130890195;0,0191273150444431;0,312912860675211;0;0;0;0;0;0;0;0;0;0;0;0;0
"TCGA-NI-A8LF-01";3,133333333;26,26820528;0;0;0;0;0;0,6422;0,6422;0;0;0,911594050604974;0,0350590605594417;0,050354608441334;0,654930664679828;0,036565942036333;0,346119401966802;0,36717440195688;0,100001591171765;0,281992253779475;0,0252880020508904;0,0554574273914433;0;0;0;0;0;0;0;0;0;0;0;0;0
"TCGA-O8-A75V-01";2,3;17,6874774;0;0;0;0;0;0;0,5962;0;0;0,82103794021621;0,045514876216711;0,048804088296203;0,587571489879969;0,0295640273351434;0,606479098086871;0,512394634502066;0,333557642713734;0,38052536307049;0,0245716926810641;0,099717125962492;0;0;0;0;0;0;0;0;0;0;0;0;0
"TCGA-PD-A5DF-01";1,4;21,00798895;1;0;0;0;0;0;0;0;0;0,837016534769347;0,022667211997155;0,0398413219112981;0,464627690040895;0,0546545447917083;0,238716979654106;0,61958602628385;0,108164907827036;0,0713092250342169;0,0273989542951993;0,0662225434215357;0;0;0;0;0;0;0;0;0;0;0;0;0
"TCGA-QA-A7B7-01";2,6;3,090377092;0;0;0;0;0;0,4174;0;0;0;0,807878311603988;0,0233491263511385;0,0406684012128329;0,512861071374138;0,0237292803349991;0,791373174926957;0,471682831591121;0,572477440038438;0,54525023322531;0,0249446024641367;0,0504581843058451;0;0;0;0;0;0;0;0;0;0;0;0;0
"TCGA-RC-A7S9-01";1,866666667;21,04086531;0;0;0;0;0;0;0;0;0;0,898174986569992;0,0324254069741016;0,0312703309051752;0,585729951214497;0,0374663636327206;0,477126233166723;0,0551280927229061;0,666535910228364;0,152384736677069;0,0212750719096771;0,047137171310291;0;0;0;0;0;0;0;0;0;0;0;0;0
"TCGA-RC-A7SB-01";1,9;19,331295;0;0;0;0;0;0;0;0;0;0,898778792603665;0,0266269822220334;0,040587813727169;0,307572588507774;0,0262037290357196;0,191518387574924;0,0425364985856181;0,0406169509590576;0,0531573515088781;0,0232519689758398;0,0771101150241998;0;0;0;0;0;0;0;0;0;0;0;0;0
"TCGA-RC-A7SF-01";2,533333333;19,03540783;0;0;0;0;0;0;0;0;0;0,930945033241503;0,0310636378446972;0,0460302232212882;0,486947099492628;0,0534212733659413;0,241380633732488;0,0551866455544439;0,259695641512747;0,204796593429886;0,0150533078754501;0,35117667937616;0;0;0;0;0;0;0;0;0;0;0;0;0
"TCGA-RC-A7SH-01";2,066666667;15,38613276;0;0;0;0;0;0;0;0;0;0,908776457278173;0,0324417687058538;0,0376142370687509;0,749214886071312;0,0222787928967348;0,83412919002654;0,553983729175629;0,0475752281432766;0,0643230837772778;0,0346239738625366;0,0867568952492782;0;0;0;0;0;0;0;0;0;0;0;0;0
"TCGA-RC-A7SK-01";4,5;15,51763816;0;0;0;0;0;0;0;0;0;0,875734681219218;0,0500339368366961;0,032541692382968;0,228375054332902;0,0273889539626459;0,121765117877615;0,438413939734047;0,057737504355885;0,0411858988021608;0,0245901632999393;0,0393373879977994;0;0;0;0;0;0;0;0;0;0;0;0;0
"TCGA-RG-A7D4-01";3,066666667;36,09823454;0;0;0;0;0;0;0;0;0;0,844175832918921;0,0362072482682978;0,0362077842379293;0,550115649230182;0,0232310219607642;0,624926887671076;0,335676339189933;0,0538855076433461;0,171336545478321;0,0166512926442368;0,120436113098817;0;0;0;0;0;0;0;0;0;0;0;0;0
"TCGA-UB-A7MA-01";2,333333333;27,87914653;0;0;0;0;0;0,5746;0;0;0;0,927856219236049;0,0243856585555385;0,053629484965032;0,787426475819635;0,0235627472305099;0,787955985542603;0,0437782060625361;0,0303802765095561;0,0350620219987572;0,019974335916212;0,0301744510869737;0;0;0;0;0;0;0;0;0;0;0;0;0
"TCGA-UB-A7MB-01";44,1;19,75868758;0;0;0;0;0;0;0;0;0;0,859948881977563;0,0272835139836357;0,0404456130952134;0,242526440545379;0,0324386557771163;0,19015732674377;0,0856558070477164;0,0986416719750198;0,0414940477965596;0,0313413203513383;0,0560630919632748;0;0;0;0;0;0;0;0;0;0;0;0;0
"TCGA-UB-A7MC-01";2,1;16,43817602;0;0;0;0;0;0,4052;0;0;0;0,832993242932404;0,0350438462790105;0,0521457058386696;0,406025823141432;0,0272197585988742;0,182506048816735;0,491022438211812;0,0409913337961159;0,54034867182225;0,0231775441210695;0,0766287242554525;0;0;0;0;0;0;0;0;0;0;0;0;0
"TCGA-UB-A7MD-01";3,5;1,709570306;1;0;0;0;0;0,5757;0;0,5757;0;0,810633407464538;0,0634763405919644;0,0348809915558537;0,306996004665306;0,0408484897591679;0,240108468131032;0,0637604142461189;0,277852654607781;0,191317869080553;0,0157544181414798;0,0626595413946648;0;0;0;0;0;0;0;0;0;0;0;0;0
"TCGA-UB-A7ME-01";2,666666667;15,97790709;0;0;0;0;0;0,5939;0;0,5939;0;0,827073148540617;0,0238243347964083;0,0301063388154993;0,657573644756803;0,290611128886186;0,283989086923012;0,0864876473846683;0,0547740581969546;0,118994001052199;0,0242875543109798;0,139593167611664;0;0;0;0;0;0;0;0;0;0;0;0;0
"TCGA-UB-A7MF-01";3,333333333;7,035539337;1;0;0;0;0;0;0;0;0,473;0,896176565840467;0,028358027289309;0,044737651736911;0,786260864710687;0,145372710745393;0,767672558913834;0,0699416302645016;0,526831273026012;0,374417067582874;0,0292829510521078;0,0919776986069881;0;0;0;0;0;0;0;0;0;0;0;0;0
"TCGA-UB-AA0U-01";2,333333333;10,75056712;0;0;0;0;0;0;0;0;0;0,921386869513488;0,0312139362558798;0,0325051949764989;0,480227142122043;0,032315481823722;0,356687738498175;0,436824215844171;0,283833011620366;0,10634680414828;0,0378287685494811;0,122021826059464;0;0;0;0;0;0;0;0;0;0;0;0;0
"TCGA-UB-AA0V-01";1,2;10,32317454;0;0;0;0;0;0;0;0;0;0,854544820173129;0,0542049039676948;0,0629310488125697;0,648619728598683;0,0255893691400368;0,283063069802726;0,151795226801502;0,094161987885893;0,0886522862355044;0,0560918733664947;0,0735847422723019;0;0;0;0;0;0;0;0;0;0;0;0;0
"TCGA-WJ-A86L-01";4,033333333;11,34234145;0;0;0;0;0;0;0,6658;0,6658;0;0,866129791672479;0,0258044282515369;0,0547604617467633;0,283259856511236;0,0249508782322973;0,140484190278589;0,0812336437446163;0,1053691985308;0,0557127668912856;0,0309611595720567;0,084805922708563;0;0;0;0;1;0;0;0;0;0;0;0;0
"TCGA-WQ-AB4B-01";2,233333333;12,98615906;0;0;0;0;0;0;0;0;0;0,940796967069055;0,0372079625057028;0,081392270236732;0,497526345741018;0,0353994113125406;0,31735670853042;0,441281238228313;0,120595028187254;0,164652022051631;0,0256711850352406;0,292556186600845;0;0;0;0;0;0;0;0;0;0;0;0;0
"TCGA-WX-AA44-01";2,333333333;20,21895651;0;0;0;0;0;0;0;0;0;0,864037105414126;0,0283935031095667;0,0578662248324794;0,711970375972132;0,038097289715278;0,490009888820042;0,322900259663755;0,115912093439402;0,107505911468674;0,0235029164819496;0,107782329671081;0;0;0;0;0;0;0;0;0;0;0;0;0
"TCGA-WX-AA46-01";2,033333333;24,85452214;0;0;0;0;0;0;0;0;0;0,905455822232944;0,0331518196132029;0,044996179921211;0,452760484155236;0,0224466025133291;0,18550732490635;0,460759190050443;0,174363384406026;0,060858713605654;0,0215096107926435;0,195433730659521;0;0;0;0;0;0;0;0;0;0;0;0;0
"TCGA-WX-AA47-01";1,3;18,27925173;1;0;0;0;0;0;0;0;0;0,840295411479066;0,0277310906655502;0,043941908196962;0,725854657690023;0,0219003994737779;0,235542808343881;0,403318540234506;0,0405944191925231;0,0460367651202685;0,0209352741340798;0,0366897224484719;0;0;0;0;0;0;0;0;0;0;0;0;0
"TCGA-XR-A8TD-01";1,7;33,8626426;0;0;0;0;0;0;0;0;0;0,755758667296109;0,0362958676865587;0,0503252550655945;0,420441237375558;0,0426410552849988;0,244458759213635;0,087874025635779;0,0766270473550804;0,1512352274197;0,0247560455289883;0,246913447595194;0;0;0;0;0;0;0;0;0;0;0;0;0
"TCGA-XR-A8TE-01";0,4;30,41062564;0;0;0;0;0;0;0;0;0;0,893960002670932;0,0376932421749461;0,0535614278867195;0,639362234599055;0,0307514714905976;0,221375324536162;0,145304775925611;0,0654311290196002;0,0624715892812678;0,0284265046740414;0,159804042956221;0;0;0;0;0;0;0;0;0;0;0;0;0
"TCGA-XR-A8TF-01";4,5;22,78331196;1;0;0;0;0;0;0;0;0;0,925068399184625;0,0421422620170517;0,048751303186915;0,165359925773393;0,0239965947761976;0,148870536408429;0,178041240444469;0,48831109873266;0,393316847841584;0,0306978569356317;0,0676161938897289;0;0;0;0;0;0;0;0;0;0;0;0;0
"TCGA-XR-A8TG-01";2,6;29,52296413;0;0;0;0;0;0;0;0;0;0,888226073654382;0,0351729809586772;0,0412161417252518;0,254747742794378;0,0610273765114497;0,142495265672294;0,0920114936395677;0,153586256333216;0,37235534461815;0,0286808988022265;0,109483766292958;0;0;0;0;0;0;0;0;0;0;0;0;0
"TCGA-YA-A8S7-01";2,366666667;13,54505704;1;0;0,5059;0;0;2,0235;0;0;0;0,928155453231966;0,0437549893029492;0,0569617257870174;0,448800868967232;0,0262817292793196;0,454060894797017;0,153024485328174;0,344253894151987;0,0726298974276345;0,0273595091401709;0,0818350999018407;0;0;0;0;0;0;0;0;0;0;0;0;0
"TCGA-ZP-A9CV-01";3,5;35,76947102;1;0;0;0,6266;0;0,6266;0;0;0;0,808326142801722;0,0551811032475087;0,0448863466837805;0,519550870799962;0,0359359538907932;0,451647286840417;0,587022076282763;0,409890310122877;0,157997250788925;0,0522495717374758;0,364586771478218;0;0;0;0;0;0;1;0;0;0;0;0;0
"TCGA-ZP-A9CY-01";2,8;25,7093073;0;0;0;0;0;0;0;0;0;0,89498993159011;0,0336429705513844;0,0418703807794019;0,343888071155684;0,0270503806278835;0,211852314472708;0,441940271360249;0,218989333792213;0,183132099727602;0,0438694156468376;0,119606624843694;0;0;0;0;0;0;0;0;0;0;0;0;0
"TCGA-ZP-A9CZ-01";1,566666667;23,21070454;0;0;0;0;0;0;0;0;0;0,917635761187288;0,0356169124427037;0,0431336533576542;0,697646952367714;0,0241498774002514;0,381920855107704;0,310220099747103;0,0700181476702883;0,218458338566953;0,0488474819620596;0,108176221171878;0;0;0;0;0;0;0;0;0;0;0;0;0
"TCGA-ZP-A9D0-01";1,766666667;35,86810008;0;0;0;0;0;0;0;0;0;0,867372173199147;0,0286608362387967;0,0465258140184901;0,767962928820653;0,0307123835347262;0,677589617688942;0,256820436735455;0,0565675625772095;0,416143711637227;0,0256371264379051;0,0858040902315172;0;0;0;0;0;0;0;0;0;0;0;0;0
"TCGA-ZP-A9D2-01";1,833333333;25,15040931;1;0;0;0,3639;0;0;0;0;0;0,74897346593742;0,0260458029151513;0,0294187711115514;0,418868266144164;0,0226319334458321;0,417070999140979;0,137874769135058;0,0648141465507726;0,0759932997436745;0,0401040184397481;0,0540573412007933;0;0;0;0;0;0;0;0;0;0;0;0;0
"TCGA-ZP-A9D4-01";2,166666667;12,98615906;0;0,5657;0;0;0;0;0;0;0;0,937024172554896;0,0285839610490121;0,0373667820682298;0,21316626154395;0,0455041167798211;0,184265164839059;0,153908956204044;0,114027367894995;0,290608948871944;0,0305573688488718;0,0312261127243167;0;0;0;0;0;0;0;0;0;0;0;0;0
"TCGA-ZS-A9CD-01";3,1;45,56662393;1;0;0;0,7513;0;0;0;0;0;0,925540415269981;0,0389006660107697;0,0606818531358131;0,607485868754358;0,0299831962181186;0,440446949003104;0,234440503176663;0,269149047900249;0,314729311111433;0,0254686635292457;0,281363523484791;0;0;0;0;0;0;0;0;0;0;0;0;0
"TCGA-ZS-A9CE-01";3,9;40,79955288;0;0;0;0;0;0;0;0;0;0,91469172013057;0,0216840547957089;0,0378439951145484;0,225193051272559;0,0271836326341293;0,116055391415033;0,681953219552973;0,639291974546761;0,400231433859369;0,0247994029071167;0,0368786922563784;0;0;0;0;0;0;0;0;0;0;0;0;0
"TCGA-ZS-A9CF-01";2,833333333;79,29776112;0;0;0;0;0;0;0;0;0;0,934084755568094;0,0325521538983099;0,0749695051778823;0,239358689915738;0,0397562214051603;0,16048554729677;0,507587547099324;0,159361801372373;0,039028260531644;0,0522089985952311;0,455361964398672;0;0;0;0;0;0;0;0;0;0;0;0;0
"TCGA-ZS-A9CG-01";2,5;11,21083605;0;0;0;0;1,371;0;0;0;0;0,79554735658834;0,0273181078626668;0,0501030811829177;0,737601241716563;0,0435375356594558;0,370470719399604;0,0534531739967643;0,114824636272213;0,0468261120285052;0,0327918485724699;0,0817347954346338;0;0;0;0;0;0;0;0;0;0;0;0;0
